timestamp,sample_timestamp,unityTimestamp,localTimestamp,emg1,emg2,rms1,rms2,left_processed,right_processed
8422.7911944,8422.7911944,8422.7911944,8422.7911944,0.0,0.0,0.0,0.0,0.0,0.0
8422.7961944,8422.7961944,8422.7961944,8422.7961944,0.046978349583444615,0.0,0.03321870955940591,0.0,0.0,0.0
8422.801194399999,8422.801194399999,8422.801194399999,8422.801194399999,0.0,0.0,0.027122962778086093,0.0,0.0,0.0
8422.806194399998,8422.806194399998,8422.806194399998,8422.806194399998,0.0,0.0,0.023489174791722307,0.0,0.0,0.0
8422.811194399997,8422.811194399997,8422.811194399997,8422.811194399997,0.0,0.0,0.021009356627866217,0.0,0.0,0.0
8422.816194399997,8422.816194399997,8422.816194399997,8422.816194399997,0.0,0.0,0.019178830906254996,0.0,0.0,0.0
8422.821194399996,8422.821194399996,8422.821194399996,8422.821194399996,-0.012565397005636286,0.0,0.018380325395431402,0.0,0.0,0.0
8422.826194399995,8422.826194399995,8422.826194399995,8422.826194399995,0.0,0.0,0.017193220071781142,0.0,0.0,0.0
8422.831194399994,8422.831194399994,8422.831194399994,8422.831194399994,0.0,0.0,0.016209923337585475,0.0,0.0,0.0
8422.836194399993,8422.836194399993,8422.836194399993,8422.836194399993,0.0,0.0,0.015378083533046582,0.0,0.0,0.0
8422.841194399993,8422.841194399993,8422.841194399993,8422.841194399993,0.0,0.0,0.014662427343053598,0.0,0.0,0.0
8422.846194399992,8422.846194399992,8422.846194399992,8422.846194399992,0.0,0.0,0.014038205403747256,0.0,0.0,0.0
8422.851194399991,8422.851194399991,8422.851194399991,8422.851194399991,0.2374968474945147,0.0,0.06723644107025843,0.0,0.0,0.0
8422.85619439999,8422.85619439999,8422.85619439999,8422.85619439999,0.0,0.0,0.0647906557974695,0.0,0.0,0.0
8422.86119439999,8422.86119439999,8422.86119439999,8422.86119439999,0.0,0.0,0.06259372018625423,0.0,0.0,0.0
8422.866194399989,8422.866194399989,8422.866194399989,8422.866194399989,0.0,0.0,0.06060610896463241,0.0,0.0,0.0
8422.871194399988,8422.871194399988,8422.871194399988,8422.871194399988,0.0,0.0,0.06060610896463241,0.0,0.0,0.0
8422.876194399987,8422.876194399987,8422.876194399987,8422.876194399987,0.00381290413304705,0.0,0.05946489511135426,0.0,0.0,0.0
8422.881194399986,8422.881194399986,8422.881194399986,8422.881194399986,0.0,0.0,0.05946489511135426,0.0,0.0,0.0
8422.886194399985,8422.886194399985,8422.886194399985,8422.886194399985,0.0,0.0,0.05946489511135426,0.0,0.0,0.0
8422.891194399985,8422.891194399985,8422.891194399985,8422.891194399985,0.0,0.0,0.05946489511135426,0.0,0.0,0.0
8422.896194399984,8422.896194399984,8422.896194399984,8422.896194399984,0.0,0.0,0.05946489511135426,0.0,0.0,0.0
8422.901194399983,8422.901194399983,8422.901194399983,8422.901194399983,0.0,0.0,0.05938186318637228,0.0,0.0,0.0
8422.906194399982,8422.906194399982,8422.906194399982,8422.906194399982,-0.10389383684104204,0.0,0.0648137813958737,0.0,0.0,0.0
8422.911194399981,8422.911194399981,8422.911194399981,8422.911194399981,0.0,0.0,0.06481378139587368,0.0,0.0,0.0
8422.91619439998,8422.91619439998,8422.91619439998,8422.91619439998,0.0,0.0,0.0648137813958737,0.0,0.0,0.0
8422.92119439998,8422.92119439998,8422.92119439998,8422.92119439998,0.0,0.0,0.0648137813958737,0.0,0.0,0.0
8422.926194399979,8422.926194399979,8422.926194399979,8422.926194399979,0.0,0.0,0.0648137813958737,0.0,0.0,0.0
8422.931194399978,8422.931194399978,8422.931194399978,8422.931194399978,0.1575111316675057,0.0,0.047181977604443405,0.0,0.0,0.0
8422.936194399977,8422.936194399977,8422.936194399977,8422.936194399977,0.0,0.0,0.047181977604443405,0.0,0.0,0.0
8422.941194399977,8422.941194399977,8422.941194399977,8422.941194399977,0.0,0.0,0.047181977604443405,0.0,0.0,0.0
8422.946194399976,8422.946194399976,8422.946194399976,8422.946194399976,0.0,0.0,0.047181977604443405,0.0,0.0,0.0
8422.951194399975,8422.951194399975,8422.951194399975,8422.951194399975,0.0,0.0,0.047181977604443405,0.0,0.0,0.0
8422.956194399974,8422.956194399974,8422.956194399974,8422.956194399974,0.0,0.0,0.047172347522629304,0.0,0.0,0.0
8422.961194399973,8422.961194399973,8422.961194399973,8422.961194399973,0.0,0.0,0.047172347522629304,0.0,0.0,0.0
8422.966194399973,8422.966194399973,8422.966194399973,8422.966194399973,0.0,0.0,0.047172347522629304,0.0,0.0,0.0
8422.971194399972,8422.971194399972,8422.971194399972,8422.971194399972,0.0,0.0,0.047172347522629304,0.0,0.0,0.0
8422.976194399971,8422.976194399971,8422.976194399971,8422.976194399971,0.0,0.0,0.047172347522629304,0.0,0.0,0.0
8422.98119439997,8422.98119439997,8422.98119439997,8422.98119439997,0.0,0.0,0.047172347522629304,0.0,0.0,0.0
8422.98619439997,8422.98619439997,8422.98619439997,8422.98619439997,-0.05837837684611935,0.0,0.04199538031317093,0.0,0.0,0.0
8422.991194399969,8422.991194399969,8422.991194399969,8422.991194399969,0.0,0.0,0.04199538031317093,0.0,0.0,0.0
8422.996194399968,8422.996194399968,8422.996194399968,8422.996194399968,0.0,0.0,0.04199538031317093,0.0,0.0,0.0
8423.001194399967,8423.001194399967,8423.001194399967,8423.001194399967,0.0,0.0,0.04199538031317093,0.0,0.0,0.0
8423.006194399966,8423.006194399966,8423.006194399966,8423.006194399966,0.0,0.0,0.04199538031317093,0.0,0.0,0.0
8423.011194399965,8423.011194399965,8423.011194399965,8423.011194399965,0.00423903633646164,0.0,0.014633019835822863,0.0,0.0,0.0
8423.016194399965,8423.016194399965,8423.016194399965,8423.016194399965,0.0,0.0,0.014633019835822863,0.0,0.0,0.0
8423.021194399964,8423.021194399964,8423.021194399964,8423.021194399964,0.0,0.0,0.014633019835822863,0.0,0.0,0.0
8423.026194399963,8423.026194399963,8423.026194399963,8423.026194399963,0.0,0.0,0.014633019835822863,0.0,0.0,0.0
8423.031194399962,8423.031194399962,8423.031194399962,8423.031194399962,0.0,0.0,0.014633019835822863,0.0,0.0,0.0
8423.036194399961,8423.036194399961,8423.036194399961,8423.036194399961,0.0,0.0,0.014633019835822863,0.0,0.0,0.0
8423.04119439996,8423.04119439996,8423.04119439996,8423.04119439996,-0.029784840296153678,0.0,0.016418627043157313,0.0,0.0,0.0
8423.04619439996,8423.04619439996,8423.04619439996,8423.04619439996,0.0,0.0,0.016418627043157313,0.0,0.0,0.0
8423.051194399959,8423.051194399959,8423.051194399959,8423.051194399959,0.0,0.0,0.016418627043157313,0.0,0.0,0.0
8423.056194399958,8423.056194399958,8423.056194399958,8423.056194399958,0.0,0.0,0.016418627043157313,0.0,0.0,0.0
8423.061194399957,8423.061194399957,8423.061194399957,8423.061194399957,0.0,0.0,0.016418627043157313,0.0,0.0,0.0
8423.066194399957,8423.066194399957,8423.066194399957,8423.066194399957,0.011165765712413117,0.0,0.008022548163121718,0.0,0.0,0.0
8423.071194399956,8423.071194399956,8423.071194399956,8423.071194399956,0.0,0.0,0.008022548163121718,0.0,0.0,0.0
8423.076194399955,8423.076194399955,8423.076194399955,8423.076194399955,0.0,0.0,0.008022548163121718,0.0,0.0,0.0
8423.081194399954,8423.081194399954,8423.081194399954,8423.081194399954,0.0,0.0,0.008022548163121718,0.0,0.0,0.0
8423.086194399953,8423.086194399953,8423.086194399953,8423.086194399953,0.0,0.0,0.008022548163121718,0.0,0.0,0.0
8423.091194399953,8423.091194399953,8423.091194399953,8423.091194399953,0.0,0.0,0.007952244319262489,0.0,0.0,0.0
8423.096194399952,8423.096194399952,8423.096194399952,8423.096194399952,0.0,0.0,0.007952244319262489,0.0,0.0,0.0
8423.101194399951,8423.101194399951,8423.101194399951,8423.101194399951,0.0,0.0,0.007952244319262489,0.0,0.0,0.0
8423.10619439995,8423.10619439995,8423.10619439995,8423.10619439995,0.0,0.0,0.007952244319262489,0.0,0.0,0.0
8423.11119439995,8423.11119439995,8423.11119439995,8423.11119439995,0.0,0.0,0.007952244319262489,0.0,0.0,0.0
8423.116194399949,8423.116194399949,8423.116194399949,8423.116194399949,0.0,0.0,0.007952244319262489,0.0,0.0,0.0
8423.121194399948,8423.121194399948,8423.121194399948,8423.121194399948,-0.19285771106180333,0.0,0.04829516735654208,0.0,0.0,0.0
8423.126194399947,8423.126194399947,8423.126194399947,8423.126194399947,0.0,0.0,0.04829516735654208,0.0,0.0,0.0
8423.131194399946,8423.131194399946,8423.131194399946,8423.131194399946,0.0,0.0,0.04829516735654208,0.0,0.0,0.0
8423.136194399945,8423.136194399945,8423.136194399945,8423.136194399945,0.0,0.0,0.04829516735654208,0.0,0.0,0.0
8423.141194399945,8423.141194399945,8423.141194399945,8423.141194399945,0.0,0.0,0.04829516735654208,0.0,0.0,0.0
8423.146194399944,8423.146194399944,8423.146194399944,8423.146194399944,0.0,0.0,0.04821442776545083,0.0,0.0,0.0
8423.151194399943,8423.151194399943,8423.151194399943,8423.151194399943,0.0,0.0,0.04821442776545083,0.0,0.0,0.0
8423.156194399942,8423.156194399942,8423.156194399942,8423.156194399942,0.0,0.0,0.04821442776545083,0.0,0.0,0.0
8423.161194399941,8423.161194399941,8423.161194399941,8423.161194399941,0.0,0.0,0.04821442776545083,0.0,0.0,0.0
8423.16619439994,8423.16619439994,8423.16619439994,8423.16619439994,0.0,0.0,0.04821442776545083,0.0,0.0,0.0
8423.17119439994,8423.17119439994,8423.17119439994,8423.17119439994,0.0,0.0,0.04821442776545083,0.0,0.0,0.0
8423.176194399939,8423.176194399939,8423.176194399939,8423.176194399939,0.0,0.0,0.04821442776545083,0.0,0.0,0.0
8423.181194399938,8423.181194399938,8423.181194399938,8423.181194399938,0.0,0.0,0.04821442776545083,0.0,0.0,0.0
8423.186194399937,8423.186194399937,8423.186194399937,8423.186194399937,0.0,0.0,0.04821442776545083,0.0,0.0,0.0
8423.191194399937,8423.191194399937,8423.191194399937,8423.191194399937,0.0,0.0,0.04821442776545083,0.0,0.0,0.0
8423.196194399936,8423.196194399936,8423.196194399936,8423.196194399936,0.0,0.0,0.04821442776545083,0.0,0.0,0.0
8423.201194399935,8423.201194399935,8423.201194399935,8423.201194399935,-0.20233029076177622,0.0,0.050582572690444055,0.0,0.0,0.0
8423.206194399934,8423.206194399934,8423.206194399934,8423.206194399934,0.0,0.0,0.050582572690444055,0.0,0.0,0.0
8423.211194399933,8423.211194399933,8423.211194399933,8423.211194399933,0.0,0.0,0.050582572690444055,0.0,0.0,0.0
8423.216194399933,8423.216194399933,8423.216194399933,8423.216194399933,0.0,0.0,0.050582572690444055,0.0,0.0,0.0
8423.221194399932,8423.221194399932,8423.221194399932,8423.221194399932,0.0,0.0,0.050582572690444055,0.0,0.0,0.0
8423.226194399931,8423.226194399931,8423.226194399931,8423.226194399931,0.0,0.0,0.050582572690444055,0.0,0.0,0.0
8423.23119439993,8423.23119439993,8423.23119439993,8423.23119439993,0.0,0.0,0.050582572690444055,0.0,0.0,0.0
8423.23619439993,8423.23619439993,8423.23619439993,8423.23619439993,0.0,0.0,0.050582572690444055,0.0,0.0,0.0
8423.241194399929,8423.241194399929,8423.241194399929,8423.241194399929,0.0,0.0,0.050582572690444055,0.0,0.0,0.0
8423.246194399928,8423.246194399928,8423.246194399928,8423.246194399928,0.0,0.0,0.050582572690444055,0.0,0.0,0.0
8423.251194399927,8423.251194399927,8423.251194399927,8423.251194399927,0.0,0.0,0.050582572690444055,0.0,0.0,0.0
8423.256194399926,8423.256194399926,8423.256194399926,8423.256194399926,0.028720865464069746,0.0,0.051089648335517844,0.0,0.0,0.0
8423.261194399925,8423.261194399925,8423.261194399925,8423.261194399925,0.0,0.0,0.051089648335517844,0.0,0.0,0.0
8423.266194399925,8423.266194399925,8423.266194399925,8423.266194399925,0.0,0.0,0.051089648335517844,0.0,0.0,0.0
8423.271194399924,8423.271194399924,8423.271194399924,8423.271194399924,0.0,0.0,0.051089648335517844,0.0,0.0,0.0
8423.276194399923,8423.276194399923,8423.276194399923,8423.276194399923,0.0,0.0,0.051089648335517844,0.0,0.0,0.0
8423.281194399922,8423.281194399922,8423.281194399922,8423.281194399922,-0.09016592368345899,0.0,0.023657427357355112,0.0,0.0,0.0
8423.286194399921,8423.286194399921,8423.286194399921,8423.286194399921,0.0,0.0,0.023657427357355112,0.0,0.0,0.0
8423.29119439992,8423.29119439992,8423.29119439992,8423.29119439992,0.0,0.0,0.023657427357355112,0.0,0.0,0.0
8423.29619439992,8423.29619439992,8423.29619439992,8423.29619439992,0.0,0.0,0.023657427357355112,0.0,0.0,0.0
8423.301194399919,8423.301194399919,8423.301194399919,8423.301194399919,0.0,0.0,0.023657427357355112,0.0,0.0,0.0
8423.306194399918,8423.306194399918,8423.306194399918,8423.306194399918,0.0,0.0,0.023657427357355112,0.0,0.0,0.0
8423.311194399917,8423.311194399917,8423.311194399917,8423.311194399917,0.0,0.0,0.023657427357355112,0.0,0.0,0.0
8423.316194399917,8423.316194399917,8423.316194399917,8423.316194399917,0.0,0.0,0.023657427357355112,0.0,0.0,0.0
8423.321194399916,8423.321194399916,8423.321194399916,8423.321194399916,0.0,0.0,0.023657427357355112,0.0,0.0,0.0
8423.326194399915,8423.326194399915,8423.326194399915,8423.326194399915,0.0,0.0,0.023657427357355112,0.0,0.0,0.0
8423.331194399914,8423.331194399914,8423.331194399914,8423.331194399914,0.0,0.0,0.023657427357355112,0.0,0.0,0.0
8423.336194399913,8423.336194399913,8423.336194399913,8423.336194399913,0.0013873123939818345,0.0,0.022544148949020352,0.0,0.0,0.0
8423.341194399913,8423.341194399913,8423.341194399913,8423.341194399913,0.0,0.0,0.022544148949020352,0.0,0.0,0.0
8423.346194399912,8423.346194399912,8423.346194399912,8423.346194399912,0.0,0.0,0.022544148949020352,0.0,0.0,0.0
8423.351194399911,8423.351194399911,8423.351194399911,8423.351194399911,0.0,0.0,0.022544148949020352,0.0,0.0,0.0
8423.35619439991,8423.35619439991,8423.35619439991,8423.35619439991,0.0,0.0,0.022544148949020352,0.0,0.0,0.0
8423.36119439991,8423.36119439991,8423.36119439991,8423.36119439991,0.0,0.0,0.0003468280984954586,0.0,0.0,0.0
8423.366194399909,8423.366194399909,8423.366194399909,8423.366194399909,0.0,0.0,0.0003468280984954586,0.0,0.0,0.0
8423.371194399908,8423.371194399908,8423.371194399908,8423.371194399908,0.0,0.0,0.0003468280984954586,0.0,0.0,0.0
8423.376194399907,8423.376194399907,8423.376194399907,8423.376194399907,0.0,0.0,0.0003468280984954586,0.0,0.0,0.0
8423.381194399906,8423.381194399906,8423.381194399906,8423.381194399906,0.0,0.0,0.0003468280984954586,0.0,0.0,0.0
8423.386194399905,8423.386194399905,8423.386194399905,8423.386194399905,0.0,0.0,0.0003468280984954586,0.0,0.0,0.0
8423.391194399905,8423.391194399905,8423.391194399905,8423.391194399905,0.05361000912067329,0.0,0.013406989113884708,0.0,0.0,0.0
8423.396194399904,8423.396194399904,8423.396194399904,8423.396194399904,0.0,0.0,0.013406989113884708,0.0,0.0,0.0
8423.401194399903,8423.401194399903,8423.401194399903,8423.401194399903,0.0,0.0,0.013406989113884708,0.0,0.0,0.0
8423.406194399902,8423.406194399902,8423.406194399902,8423.406194399902,0.0,0.0,0.013406989113884708,0.0,0.0,0.0
8423.411194399901,8423.411194399901,8423.411194399901,8423.411194399901,0.0,0.0,0.013406989113884708,0.0,0.0,0.0
8423.4161943999,8423.4161943999,8423.4161943999,8423.4161943999,-0.00021947957366838888,0.0,0.013402614598469984,0.0,0.0,0.0
8423.4211943999,8423.4211943999,8423.4211943999,8423.4211943999,0.0,0.0,0.013402614598469984,0.0,0.0,0.0
8423.426194399899,8423.426194399899,8423.426194399899,8423.426194399899,0.0,0.0,0.013402614598469984,0.0,0.0,0.0
8423.431194399898,8423.431194399898,8423.431194399898,8423.431194399898,0.0,0.0,0.013402614598469984,0.0,0.0,0.0
8423.436194399897,8423.436194399897,8423.436194399897,8423.436194399897,0.0,0.0,0.013402614598469984,0.0,0.0,0.0
8423.441194399897,8423.441194399897,8423.441194399897,8423.441194399897,0.0,0.0,0.013402614598469984,0.0,0.0,0.0
8423.446194399896,8423.446194399896,8423.446194399896,8423.446194399896,0.0,0.0,0.013402614598469984,0.0,0.0,0.0
8423.451194399895,8423.451194399895,8423.451194399895,8423.451194399895,0.0,0.0,0.013402614598469984,0.0,0.0,0.0
8423.456194399894,8423.456194399894,8423.456194399894,8423.456194399894,0.0,0.0,0.013402614598469984,0.0,0.0,0.0
8423.461194399893,8423.461194399893,8423.461194399893,8423.461194399893,0.0,0.0,0.013402614598469984,0.0,0.0,0.0
8423.466194399893,8423.466194399893,8423.466194399893,8423.466194399893,0.0,0.0,0.013402614598469984,0.0,0.0,0.0
8423.471194399892,8423.471194399892,8423.471194399892,8423.471194399892,0.14416869645155675,0.0,0.03604221587928554,0.0,0.0,0.0
8423.476194399891,8423.476194399891,8423.476194399891,8423.476194399891,0.0,0.0,0.03604221587928554,0.0,0.0,0.0
8423.48119439989,8423.48119439989,8423.48119439989,8423.48119439989,0.0,0.0,0.03604221587928554,0.0,0.0,0.0
8423.48619439989,8423.48619439989,8423.48619439989,8423.48619439989,0.0,0.0,0.03604221587928554,0.0,0.0,0.0
8423.491194399889,8423.491194399889,8423.491194399889,8423.491194399889,0.0,0.0,0.03604221587928554,0.0,0.0,0.0
8423.496194399888,8423.496194399888,8423.496194399888,8423.496194399888,0.0,0.0,0.03604217411288919,0.0,0.0,0.0
8423.501194399887,8423.501194399887,8423.501194399887,8423.501194399887,-0.06076708079220746,0.0,0.039113018248841856,0.0,0.0,0.0
8423.506194399886,8423.506194399886,8423.506194399886,8423.506194399886,0.0,0.0,0.039113018248841856,0.0,0.0,0.0
8423.511194399885,8423.511194399885,8423.511194399885,8423.511194399885,0.0,0.0,0.039113018248841856,0.0,0.0,0.0
8423.516194399885,8423.516194399885,8423.516194399885,8423.516194399885,0.0,0.0,0.039113018248841856,0.0,0.0,0.0
8423.521194399884,8423.521194399884,8423.521194399884,8423.521194399884,0.0,0.0,0.039113018248841856,0.0,0.0,0.0
8423.526194399883,8423.526194399883,8423.526194399883,8423.526194399883,0.03161413901032156,0.0,0.03990355946678795,0.0,0.0,0.0
8423.531194399882,8423.531194399882,8423.531194399882,8423.531194399882,0.0,0.0,0.03990355946678795,0.0,0.0,0.0
8423.536194399881,8423.536194399881,8423.536194399881,8423.536194399881,0.0,0.0,0.03990355946678795,0.0,0.0,0.0
8423.54119439988,8423.54119439988,8423.54119439988,8423.54119439988,0.0,0.0,0.039903559466787954,0.0,0.0,0.0
8423.54619439988,8423.54619439988,8423.54619439988,8423.54619439988,0.0,0.0,0.03990355946678795,0.0,0.0,0.0
8423.551194399879,8423.551194399879,8423.551194399879,8423.551194399879,0.0,0.0,0.017124711481822482,0.0,0.0,0.0
8423.556194399878,8423.556194399878,8423.556194399878,8423.556194399878,0.0,0.0,0.017124711481822482,0.0,0.0,0.0
8423.561194399877,8423.561194399877,8423.561194399877,8423.561194399877,0.0,0.0,0.017124711481822482,0.0,0.0,0.0
8423.566194399877,8423.566194399877,8423.566194399877,8423.566194399877,0.0,0.0,0.017124711481822482,0.0,0.0,0.0
8423.571194399876,8423.571194399876,8423.571194399876,8423.571194399876,0.0,0.0,0.017124711481822482,0.0,0.0,0.0
8423.576194399875,8423.576194399875,8423.576194399875,8423.576194399875,0.0,0.0,0.017124711481822482,0.0,0.0,0.0
8423.581194399874,8423.581194399874,8423.581194399874,8423.581194399874,0.0,0.0,0.00790353475258039,0.0,0.0,0.0
8423.586194399873,8423.586194399873,8423.586194399873,8423.586194399873,0.0,0.0,0.00790353475258039,0.0,0.0,0.0
8423.591194399873,8423.591194399873,8423.591194399873,8423.591194399873,0.0,0.0,0.00790353475258039,0.0,0.0,0.0
8423.596194399872,8423.596194399872,8423.596194399872,8423.596194399872,0.0,0.0,0.00790353475258039,0.0,0.0,0.0
8423.601194399871,8423.601194399871,8423.601194399871,8423.601194399871,0.0,0.0,0.00790353475258039,0.0,0.0,0.0
8423.60619439987,8423.60619439987,8423.60619439987,8423.60619439987,0.12103230219981695,0.0,0.030258075549954237,0.0,0.0,0.0
8423.61119439987,8423.61119439987,8423.61119439987,8423.61119439987,0.0,0.0,0.030258075549954237,0.0,0.0,0.0
8423.616194399869,8423.616194399869,8423.616194399869,8423.616194399869,0.0,0.0,0.030258075549954237,0.0,0.0,0.0
8423.621194399868,8423.621194399868,8423.621194399868,8423.621194399868,0.0,0.0,0.030258075549954237,0.0,0.0,0.0
8423.626194399867,8423.626194399867,8423.626194399867,8423.626194399867,0.0,0.0,0.030258075549954237,0.0,0.0,0.0
8423.631194399866,8423.631194399866,8423.631194399866,8423.631194399866,0.0,0.0,0.030258075549954237,0.0,0.0,0.0
8423.636194399865,8423.636194399865,8423.636194399865,8423.636194399865,0.0,0.0,0.030258075549954237,0.0,0.0,0.0
8423.641194399865,8423.641194399865,8423.641194399865,8423.641194399865,0.0,0.0,0.030258075549954237,0.0,0.0,0.0
8423.646194399864,8423.646194399864,8423.646194399864,8423.646194399864,0.0,0.0,0.030258075549954237,0.0,0.0,0.0
8423.651194399863,8423.651194399863,8423.651194399863,8423.651194399863,0.0,0.0,0.030258075549954237,0.0,0.0,0.0
8423.656194399862,8423.656194399862,8423.656194399862,8423.656194399862,0.0,0.0,0.030258075549954237,0.0,0.0,0.0
8423.661194399861,8423.661194399861,8423.661194399861,8423.661194399861,-0.12688217900627802,0.0,0.04383770175685607,0.0,0.0,0.0
8423.66619439986,8423.66619439986,8423.66619439986,8423.66619439986,0.0,0.0,0.04383770175685607,0.0,0.0,0.0
8423.67119439986,8423.67119439986,8423.67119439986,8423.67119439986,0.0,0.0,0.04383770175685607,0.0,0.0,0.0
8423.676194399859,8423.676194399859,8423.676194399859,8423.676194399859,0.0,0.0,0.04383770175685607,0.0,0.0,0.0
8423.681194399858,8423.681194399858,8423.681194399858,8423.681194399858,0.0,0.0,0.04383770175685607,0.0,0.0,0.0
8423.686194399857,8423.686194399857,8423.686194399857,8423.686194399857,0.002028869037639164,0.0,0.031724599740336624,0.0,0.0,0.0
8423.691194399857,8423.691194399857,8423.691194399857,8423.691194399857,0.0,0.0,0.031724599740336624,0.0,0.0,0.0
8423.696194399856,8423.696194399856,8423.696194399856,8423.696194399856,0.0,0.0,0.031724599740336624,0.0,0.0,0.0
8423.701194399855,8423.701194399855,8423.701194399855,8423.701194399855,0.0,0.0,0.031724599740336624,0.0,0.0,0.0
8423.706194399854,8423.706194399854,8423.706194399854,8423.706194399854,0.0,0.0,0.031724599740336624,0.0,0.0,0.0
8423.711194399853,8423.711194399853,8423.711194399853,8423.711194399853,0.0,0.0,0.031724599740336624,0.0,0.0,0.0
8423.716194399853,8423.716194399853,8423.716194399853,8423.716194399853,0.03671088931082331,0.0,0.033025457087056904,0.0,0.0,0.0
8423.721194399852,8423.721194399852,8423.721194399852,8423.721194399852,0.0,0.0,0.033025457087056904,0.0,0.0,0.0
8423.726194399851,8423.726194399851,8423.726194399851,8423.726194399851,0.0,0.0,0.033025457087056904,0.0,0.0,0.0
8423.73119439985,8423.73119439985,8423.73119439985,8423.73119439985,0.0,0.0,0.033025457087056904,0.0,0.0,0.0
8423.73619439985,8423.73619439985,8423.73619439985,8423.73619439985,0.0,0.0,0.033025457087056904,0.0,0.0,0.0
8423.741194399849,8423.741194399849,8423.741194399849,8423.741194399849,-0.14669536908221087,0.0,0.03780818116966343,0.0,0.0,0.0
8423.746194399848,8423.746194399848,8423.746194399848,8423.746194399848,0.0,0.0,0.03780818116966343,0.0,0.0,0.0
8423.751194399847,8423.751194399847,8423.751194399847,8423.751194399847,0.0,0.0,0.03780818116966343,0.0,0.0,0.0
8423.756194399846,8423.756194399846,8423.756194399846,8423.756194399846,0.0,0.0,0.03780818116966343,0.0,0.0,0.0
8423.761194399845,8423.761194399845,8423.761194399845,8423.761194399845,0.0,0.0,0.03780818116966343,0.0,0.0,0.0
8423.766194399845,8423.766194399845,8423.766194399845,8423.766194399845,0.0,0.0,0.03780477871922873,0.0,0.0,0.0
8423.771194399844,8423.771194399844,8423.771194399844,8423.771194399844,0.0,0.0,0.03780477871922873,0.0,0.0,0.0
8423.776194399843,8423.776194399843,8423.776194399843,8423.776194399843,0.0,0.0,0.03780477871922873,0.0,0.0,0.0
8423.781194399842,8423.781194399842,8423.781194399842,8423.781194399842,0.0,0.0,0.03780477871922873,0.0,0.0,0.0
8423.786194399841,8423.786194399841,8423.786194399841,8423.786194399841,0.0,0.0,0.03780477871922873,0.0,0.0,0.0
8423.79119439984,8423.79119439984,8423.79119439984,8423.79119439984,0.0,0.0,0.03780477871922873,0.0,0.0,0.0
8423.79619439984,8423.79619439984,8423.79619439984,8423.79619439984,0.01747952439367972,0.0,0.036933271825004985,0.0,0.0,0.0
8423.801194399839,8423.801194399839,8423.801194399839,8423.801194399839,0.0,0.0,0.036933271825004985,0.0,0.0,0.0
8423.806194399838,8423.806194399838,8423.806194399838,8423.806194399838,0.0,0.0,0.036933271825004985,0.0,0.0,0.0
8423.811194399837,8423.811194399837,8423.811194399837,8423.811194399837,0.0,0.0,0.036933271825004985,0.0,0.0,0.0
8423.816194399837,8423.816194399837,8423.816194399837,8423.816194399837,0.0,0.0,0.036933271825004985,0.0,0.0,0.0
8423.821194399836,8423.821194399836,8423.821194399836,8423.821194399836,0.0,0.0,0.00436988109841993,0.0,0.0,0.0
8423.826194399835,8423.826194399835,8423.826194399835,8423.826194399835,0.0,0.0,0.00436988109841993,0.0,0.0,0.0
8423.831194399834,8423.831194399834,8423.831194399834,8423.831194399834,0.0,0.0,0.00436988109841993,0.0,0.0,0.0
8423.836194399833,8423.836194399833,8423.836194399833,8423.836194399833,0.0,0.0,0.00436988109841993,0.0,0.0,0.0
8423.841194399833,8423.841194399833,8423.841194399833,8423.841194399833,0.0,0.0,0.00436988109841993,0.0,0.0,0.0
8423.846194399832,8423.846194399832,8423.846194399832,8423.846194399832,0.0,0.0,0.00436988109841993,0.0,0.0,0.0
8423.851194399831,8423.851194399831,8423.851194399831,8423.851194399831,0.036878095076564976,0.0,0.010202719213233702,0.0,0.0,0.0
8423.85619439983,8423.85619439983,8423.85619439983,8423.85619439983,0.0,0.0,0.010202719213233702,0.0,0.0,0.0
8423.86119439983,8423.86119439983,8423.86119439983,8423.86119439983,0.0,0.0,0.010202719213233702,0.0,0.0,0.0
8423.866194399829,8423.866194399829,8423.866194399829,8423.866194399829,0.0,0.0,0.010202719213233702,0.0,0.0,0.0
8423.871194399828,8423.871194399828,8423.871194399828,8423.871194399828,0.0,0.0,0.010202719213233702,0.0,0.0,0.0
8423.876194399827,8423.876194399827,8423.876194399827,8423.876194399827,0.0011034949044389944,0.0,0.009223650299231756,0.0,0.0,0.0
8423.881194399826,8423.881194399826,8423.881194399826,8423.881194399826,0.0,0.0,0.009223650299231756,0.0,0.0,0.0
8423.886194399825,8423.886194399825,8423.886194399825,8423.886194399825,0.0,0.0,0.009223650299231756,0.0,0.0,0.0
8423.891194399825,8423.891194399825,8423.891194399825,8423.891194399825,0.0,0.0,0.009223650299231756,0.0,0.0,0.0
8423.896194399824,8423.896194399824,8423.896194399824,8423.896194399824,0.0,0.0,0.009223650299231756,0.0,0.0,0.0
8423.901194399823,8423.901194399823,8423.901194399823,8423.901194399823,0.0,0.0,0.009223650299231756,0.0,0.0,0.0
8423.906194399822,8423.906194399822,8423.906194399822,8423.906194399822,0.0,0.0,0.009223650299231756,0.0,0.0,0.0
8423.911194399821,8423.911194399821,8423.911194399821,8423.911194399821,0.0,0.0,0.009223650299231756,0.0,0.0,0.0
8423.91619439982,8423.91619439982,8423.91619439982,8423.91619439982,0.0,0.0,0.009223650299231756,0.0,0.0,0.0
8423.92119439982,8423.92119439982,8423.92119439982,8423.92119439982,0.0,0.0,0.009223650299231756,0.0,0.0,0.0
8423.926194399819,8423.926194399819,8423.926194399819,8423.926194399819,0.0,0.0,0.009223650299231756,0.0,0.0,0.0
8423.931194399818,8423.931194399818,8423.931194399818,8423.931194399818,0.15228105400404263,0.0,0.03807126303853264,0.0,0.0,0.0
8423.936194399817,8423.936194399817,8423.936194399817,8423.936194399817,0.0,0.0,0.03807126303853264,0.0,0.0,0.0
8423.941194399817,8423.941194399817,8423.941194399817,8423.941194399817,0.0,0.0,0.03807126303853264,0.0,0.0,0.0
8423.946194399816,8423.946194399816,8423.946194399816,8423.946194399816,0.0,0.0,0.03807126303853264,0.0,0.0,0.0
8423.951194399815,8423.951194399815,8423.951194399815,8423.951194399815,0.0,0.0,0.03807126303853264,0.0,0.0,0.0
8423.956194399814,8423.956194399814,8423.956194399814,8423.956194399814,0.0,0.0,0.03807026350101066,0.0,0.0,0.0
8423.961194399813,8423.961194399813,8423.961194399813,8423.961194399813,0.0,0.0,0.03807026350101066,0.0,0.0,0.0
8423.966194399813,8423.966194399813,8423.966194399813,8423.966194399813,0.0,0.0,0.03807026350101066,0.0,0.0,0.0
8423.971194399812,8423.971194399812,8423.971194399812,8423.971194399812,0.0,0.0,0.03807026350101066,0.0,0.0,0.0
8423.976194399811,8423.976194399811,8423.976194399811,8423.976194399811,0.0,0.0,0.03807026350101066,0.0,0.0,0.0
8423.98119439981,8423.98119439981,8423.98119439981,8423.98119439981,0.0,0.0,0.03807026350101066,0.0,0.0,0.0
8423.98619439981,8423.98619439981,8423.98619439981,8423.98619439981,0.01684348141868796,0.0,0.03830243324098666,0.0,0.0,0.0
8423.991194399809,8423.991194399809,8423.991194399809,8423.991194399809,0.0,0.0,0.03830243324098666,0.0,0.0,0.0
8423.996194399808,8423.996194399808,8423.996194399808,8423.996194399808,0.0,0.0,0.03830243324098666,0.0,0.0,0.0
8424.001194399807,8424.001194399807,8424.001194399807,8424.001194399807,0.0,0.0,0.03830243324098666,0.0,0.0,0.0
8424.006194399806,8424.006194399806,8424.006194399806,8424.006194399806,0.0,0.0,0.03830243324098666,0.0,0.0,0.0
8424.011194399805,8424.011194399805,8424.011194399805,8424.011194399805,0.09929119906818387,0.0,0.025177426743388864,0.0,0.0,0.0
8424.016194399805,8424.016194399805,8424.016194399805,8424.016194399805,0.0,0.0,0.025177426743388864,0.0,0.0,0.0
8424.021194399804,8424.021194399804,8424.021194399804,8424.021194399804,0.0,0.0,0.025177426743388864,0.0,0.0,0.0
8424.026194399803,8424.026194399803,8424.026194399803,8424.026194399803,0.0,0.0,0.025177426743388864,0.0,0.0,0.0
8424.031194399802,8424.031194399802,8424.031194399802,8424.031194399802,0.0,0.0,0.025177426743388864,0.0,0.0,0.0
8424.036194399801,8424.036194399801,8424.036194399801,8424.036194399801,0.0,0.0,0.025177426743388864,0.0,0.0,0.0
8424.0411943998,8424.0411943998,8424.0411943998,8424.0411943998,0.0,0.0,0.025177426743388864,0.0,0.0,0.0
8424.0461943998,8424.0461943998,8424.0461943998,8424.0461943998,0.0,0.0,0.025177426743388864,0.0,0.0,0.0
8424.051194399799,8424.051194399799,8424.051194399799,8424.051194399799,0.0,0.0,0.025177426743388864,0.0,0.0,0.0
8424.056194399798,8424.056194399798,8424.056194399798,8424.056194399798,0.0,0.0,0.025177426743388864,0.0,0.0,0.0
8424.061194399797,8424.061194399797,8424.061194399797,8424.061194399797,0.0,0.0,0.025177426743388864,0.0,0.0,0.0
8424.066194399797,8424.066194399797,8424.066194399797,8424.066194399797,0.11630851009139088,0.0,0.03823154107873244,0.0,0.0,0.0
8424.071194399796,8424.071194399796,8424.071194399796,8424.071194399796,0.0,0.0,0.03823154107873244,0.0,0.0,0.0
8424.076194399795,8424.076194399795,8424.076194399795,8424.076194399795,0.0,0.0,0.03823154107873244,0.0,0.0,0.0
8424.081194399794,8424.081194399794,8424.081194399794,8424.081194399794,0.0,0.0,0.03823154107873244,0.0,0.0,0.0
8424.086194399793,8424.086194399793,8424.086194399793,8424.086194399793,0.0,0.0,0.03823154107873244,0.0,0.0,0.0
8424.091194399793,8424.091194399793,8424.091194399793,8424.091194399793,0.0,0.0,0.02907712752284772,0.0,0.0,0.0
8424.096194399792,8424.096194399792,8424.096194399792,8424.096194399792,0.0,0.0,0.02907712752284772,0.0,0.0,0.0
8424.101194399791,8424.101194399791,8424.101194399791,8424.101194399791,0.0,0.0,0.02907712752284772,0.0,0.0,0.0
8424.10619439979,8424.10619439979,8424.10619439979,8424.10619439979,0.0,0.0,0.02907712752284772,0.0,0.0,0.0
8424.11119439979,8424.11119439979,8424.11119439979,8424.11119439979,0.0,0.0,0.02907712752284772,0.0,0.0,0.0
8424.116194399789,8424.116194399789,8424.116194399789,8424.116194399789,0.0,0.0,0.02907712752284772,0.0,0.0,0.0
8424.121194399788,8424.121194399788,8424.121194399788,8424.121194399788,0.0,0.0,0.02907712752284772,0.0,0.0,0.0
8424.126194399787,8424.126194399787,8424.126194399787,8424.126194399787,0.0,0.0,0.02907712752284772,0.0,0.0,0.0
8424.131194399786,8424.131194399786,8424.131194399786,8424.131194399786,0.0,0.0,0.02907712752284772,0.0,0.0,0.0
8424.136194399785,8424.136194399785,8424.136194399785,8424.136194399785,0.0,0.0,0.02907712752284772,0.0,0.0,0.0
8424.141194399785,8424.141194399785,8424.141194399785,8424.141194399785,0.0,0.0,0.02907712752284772,0.0,0.0,0.0
8424.146194399784,8424.146194399784,8424.146194399784,8424.146194399784,0.10983679864813778,0.0,0.027459199662034445,0.0,0.0,0.0
8424.151194399783,8424.151194399783,8424.151194399783,8424.151194399783,0.0,0.0,0.027459199662034445,0.0,0.0,0.0
8424.156194399782,8424.156194399782,8424.156194399782,8424.156194399782,0.0,0.0,0.027459199662034445,0.0,0.0,0.0
8424.161194399781,8424.161194399781,8424.161194399781,8424.161194399781,0.0,0.0,0.027459199662034445,0.0,0.0,0.0
8424.16619439978,8424.16619439978,8424.16619439978,8424.16619439978,0.0,0.0,0.027459199662034445,0.0,0.0,0.0
8424.17119439978,8424.17119439978,8424.17119439978,8424.17119439978,0.0,0.0,0.027459199662034445,0.0,0.0,0.0
8424.176194399779,8424.176194399779,8424.176194399779,8424.176194399779,0.0,0.0,0.027459199662034445,0.0,0.0,0.0
8424.181194399778,8424.181194399778,8424.181194399778,8424.181194399778,0.0,0.0,0.027459199662034445,0.0,0.0,0.0
8424.186194399777,8424.186194399777,8424.186194399777,8424.186194399777,0.0,0.0,0.027459199662034445,0.0,0.0,0.0
8424.191194399777,8424.191194399777,8424.191194399777,8424.191194399777,0.0,0.0,0.027459199662034445,0.0,0.0,0.0
8424.196194399776,8424.196194399776,8424.196194399776,8424.196194399776,0.0,0.0,0.027459199662034445,0.0,0.0,0.0
8424.201194399775,8424.201194399775,8424.201194399775,8424.201194399775,-0.10561513399144537,0.0,0.038094191539937,0.0,0.0,0.0
8424.206194399774,8424.206194399774,8424.206194399774,8424.206194399774,0.0,0.0,0.038094191539937,0.0,0.0,0.0
8424.211194399773,8424.211194399773,8424.211194399773,8424.211194399773,0.0,0.0,0.038094191539937,0.0,0.0,0.0
8424.216194399773,8424.216194399773,8424.216194399773,8424.216194399773,0.0,0.0,0.038094191539937,0.0,0.0,0.0
8424.221194399772,8424.221194399772,8424.221194399772,8424.221194399772,0.0,0.0,0.038094191539937,0.0,0.0,0.0
8424.226194399771,8424.226194399771,8424.226194399771,8424.226194399771,0.0,0.0,0.026403783497861343,0.0,0.0,0.0
8424.23119439977,8424.23119439977,8424.23119439977,8424.23119439977,0.0,0.0,0.026403783497861343,0.0,0.0,0.0
8424.23619439977,8424.23619439977,8424.23619439977,8424.23619439977,0.0,0.0,0.026403783497861343,0.0,0.0,0.0
8424.241194399769,8424.241194399769,8424.241194399769,8424.241194399769,0.0,0.0,0.026403783497861343,0.0,0.0,0.0
8424.246194399768,8424.246194399768,8424.246194399768,8424.246194399768,0.0,0.0,0.026403783497861343,0.0,0.0,0.0
8424.251194399767,8424.251194399767,8424.251194399767,8424.251194399767,0.0,0.0,0.026403783497861343,0.0,0.0,0.0
8424.256194399766,8424.256194399766,8424.256194399766,8424.256194399766,0.011607339960870523,0.0,0.02656276396221572,0.0,0.0,0.0
8424.261194399765,8424.261194399765,8424.261194399765,8424.261194399765,0.0,0.0,0.02656276396221572,0.0,0.0,0.0
8424.266194399765,8424.266194399765,8424.266194399765,8424.266194399765,0.0,0.0,0.02656276396221572,0.0,0.0,0.0
8424.271194399764,8424.271194399764,8424.271194399764,8424.271194399764,0.0,0.0,0.02656276396221572,0.0,0.0,0.0
8424.276194399763,8424.276194399763,8424.276194399763,8424.276194399763,0.0,0.0,0.02656276396221572,0.0,0.0,0.0
8424.281194399762,8424.281194399762,8424.281194399762,8424.281194399762,-0.14774225293056176,0.0,0.03704937891008204,0.0,0.0,0.0
8424.286194399761,8424.286194399761,8424.286194399761,8424.286194399761,0.0,0.0,0.03704937891008204,0.0,0.0,0.0
8424.29119439976,8424.29119439976,8424.29119439976,8424.29119439976,0.0,0.0,0.03704937891008204,0.0,0.0,0.0
8424.29619439976,8424.29619439976,8424.29619439976,8424.29619439976,0.0,0.0,0.03704937891008204,0.0,0.0,0.0
8424.301194399759,8424.301194399759,8424.301194399759,8424.301194399759,0.0,0.0,0.03704937891008204,0.0,0.0,0.0
8424.306194399758,8424.306194399758,8424.306194399758,8424.306194399758,0.0,0.0,0.03704937891008204,0.0,0.0,0.0
8424.311194399757,8424.311194399757,8424.311194399757,8424.311194399757,0.0,0.0,0.03704937891008204,0.0,0.0,0.0
8424.316194399757,8424.316194399757,8424.316194399757,8424.316194399757,0.0,0.0,0.03704937891008204,0.0,0.0,0.0
8424.321194399756,8424.321194399756,8424.321194399756,8424.321194399756,0.0,0.0,0.03704937891008204,0.0,0.0,0.0
8424.326194399755,8424.326194399755,8424.326194399755,8424.326194399755,0.0,0.0,0.03704937891008204,0.0,0.0,0.0
8424.331194399754,8424.331194399754,8424.331194399754,8424.331194399754,0.0,0.0,0.03704937891008204,0.0,0.0,0.0
8424.336194399753,8424.336194399753,8424.336194399753,8424.336194399753,0.0,0.0,0.03693556323264044,0.0,0.0,0.0
8424.341194399753,8424.341194399753,8424.341194399753,8424.341194399753,0.0,0.0,0.03693556323264044,0.0,0.0,0.0
8424.346194399752,8424.346194399752,8424.346194399752,8424.346194399752,0.0,0.0,0.03693556323264044,0.0,0.0,0.0
8424.351194399751,8424.351194399751,8424.351194399751,8424.351194399751,0.0,0.0,0.03693556323264044,0.0,0.0,0.0
8424.35619439975,8424.35619439975,8424.35619439975,8424.35619439975,0.0,0.0,0.03693556323264044,0.0,0.0,0.0
8424.36119439975,8424.36119439975,8424.36119439975,8424.36119439975,-0.07641289007948579,0.0,0.019103222519871448,0.0,0.0,0.0
8424.366194399749,8424.366194399749,8424.366194399749,8424.366194399749,0.0,0.0,0.019103222519871448,0.0,0.0,0.0
8424.371194399748,8424.371194399748,8424.371194399748,8424.371194399748,0.0,0.0,0.019103222519871448,0.0,0.0,0.0
8424.376194399747,8424.376194399747,8424.376194399747,8424.376194399747,0.0,0.0,0.019103222519871448,0.0,0.0,0.0
8424.381194399746,8424.381194399746,8424.381194399746,8424.381194399746,0.0,0.0,0.019103222519871448,0.0,0.0,0.0
8424.386194399745,8424.386194399745,8424.386194399745,8424.386194399745,0.0,0.0,0.019103222519871448,0.0,0.0,0.0
8424.391194399745,8424.391194399745,8424.391194399745,8424.391194399745,0.0,0.0,0.019103222519871448,0.0,0.0,0.0
8424.396194399744,8424.396194399744,8424.396194399744,8424.396194399744,0.0,0.0,0.019103222519871448,0.0,0.0,0.0
8424.401194399743,8424.401194399743,8424.401194399743,8424.401194399743,0.0,0.0,0.019103222519871448,0.0,0.0,0.0
8424.406194399742,8424.406194399742,8424.406194399742,8424.406194399742,0.0,0.0,0.019103222519871448,0.0,0.0,0.0
8424.411194399741,8424.411194399741,8424.411194399741,8424.411194399741,0.0,0.0,0.019103222519871448,0.0,0.0,0.0
8424.41619439974,8424.41619439974,8424.41619439974,8424.41619439974,-0.03474526360706435,0.0,0.020985356670521423,0.0,0.0,0.0
8424.42119439974,8424.42119439974,8424.42119439974,8424.42119439974,0.0,0.0,0.020985356670521423,0.0,0.0,0.0
8424.426194399739,8424.426194399739,8424.426194399739,8424.426194399739,0.0,0.0,0.020985356670521423,0.0,0.0,0.0
8424.431194399738,8424.431194399738,8424.431194399738,8424.431194399738,0.0,0.0,0.020985356670521423,0.0,0.0,0.0
8424.436194399737,8424.436194399737,8424.436194399737,8424.436194399737,0.0,0.0,0.020985356670521423,0.0,0.0,0.0
8424.441194399737,8424.441194399737,8424.441194399737,8424.441194399737,0.0,0.0,0.008686315901766087,0.0,0.0,0.0
8424.446194399736,8424.446194399736,8424.446194399736,8424.446194399736,0.0,0.0,0.008686315901766087,0.0,0.0,0.0
8424.451194399735,8424.451194399735,8424.451194399735,8424.451194399735,0.0,0.0,0.008686315901766087,0.0,0.0,0.0
8424.456194399734,8424.456194399734,8424.456194399734,8424.456194399734,0.0,0.0,0.008686315901766087,0.0,0.0,0.0
8424.461194399733,8424.461194399733,8424.461194399733,8424.461194399733,0.0,0.0,0.008686315901766087,0.0,0.0,0.0
8424.466194399733,8424.466194399733,8424.466194399733,8424.466194399733,0.0,0.0,0.008686315901766087,0.0,0.0,0.0
8424.471194399732,8424.471194399732,8424.471194399732,8424.471194399732,0.12206206901697395,0.0,0.031727730414249714,0.0,0.0,0.0
8424.476194399731,8424.476194399731,8424.476194399731,8424.476194399731,0.0,0.0,0.031727730414249714,0.0,0.0,0.0
8424.48119439973,8424.48119439973,8424.48119439973,8424.48119439973,0.0,0.0,0.031727730414249714,0.0,0.0,0.0
8424.48619439973,8424.48619439973,8424.48619439973,8424.48619439973,0.0,0.0,0.031727730414249714,0.0,0.0,0.0
8424.491194399729,8424.491194399729,8424.491194399729,8424.491194399729,0.0,0.0,0.031727730414249714,0.0,0.0,0.0
8424.496194399728,8424.496194399728,8424.496194399728,8424.496194399728,0.0,0.0,0.030515517254243486,0.0,0.0,0.0
8424.501194399727,8424.501194399727,8424.501194399727,8424.501194399727,0.0,0.0,0.030515517254243486,0.0,0.0,0.0
8424.506194399726,8424.506194399726,8424.506194399726,8424.506194399726,0.0,0.0,0.030515517254243486,0.0,0.0,0.0
8424.511194399725,8424.511194399725,8424.511194399725,8424.511194399725,0.0,0.0,0.030515517254243486,0.0,0.0,0.0
8424.516194399725,8424.516194399725,8424.516194399725,8424.516194399725,0.0,0.0,0.030515517254243486,0.0,0.0,0.0
8424.521194399724,8424.521194399724,8424.521194399724,8424.521194399724,0.0,0.0,0.030515517254243486,0.0,0.0,0.0
8424.526194399723,8424.526194399723,8424.526194399723,8424.526194399723,0.0,0.0,0.030515517254243486,0.0,0.0,0.0
8424.531194399722,8424.531194399722,8424.531194399722,8424.531194399722,0.0,0.0,0.030515517254243486,0.0,0.0,0.0
8424.536194399721,8424.536194399721,8424.536194399721,8424.536194399721,0.0,0.0,0.030515517254243486,0.0,0.0,0.0
8424.54119439972,8424.54119439972,8424.54119439972,8424.54119439972,0.0,0.0,0.030515517254243486,0.0,0.0,0.0
8424.54619439972,8424.54619439972,8424.54619439972,8424.54619439972,0.0,0.0,0.030515517254243486,0.0,0.0,0.0
8424.551194399719,8424.551194399719,8424.551194399719,8424.551194399719,0.0764472963334729,0.0,0.019111824083368225,0.0,0.0,0.0
8424.556194399718,8424.556194399718,8424.556194399718,8424.556194399718,0.0,0.0,0.019111824083368225,0.0,0.0,0.0
8424.561194399717,8424.561194399717,8424.561194399717,8424.561194399717,0.0,0.0,0.019111824083368225,0.0,0.0,0.0
8424.566194399717,8424.566194399717,8424.566194399717,8424.566194399717,0.0,0.0,0.019111824083368225,0.0,0.0,0.0
8424.571194399716,8424.571194399716,8424.571194399716,8424.571194399716,0.0,0.0,0.019111824083368225,0.0,0.0,0.0
8424.576194399715,8424.576194399715,8424.576194399715,8424.576194399715,0.0,0.0,0.019111824083368225,0.0,0.0,0.0
8424.581194399714,8424.581194399714,8424.581194399714,8424.581194399714,0.0,0.0,0.019111824083368225,0.0,0.0,0.0
8424.586194399713,8424.586194399713,8424.586194399713,8424.586194399713,0.0,0.0,0.019111824083368225,0.0,0.0,0.0
8424.591194399713,8424.591194399713,8424.591194399713,8424.591194399713,0.0,0.0,0.019111824083368225,0.0,0.0,0.0
8424.596194399712,8424.596194399712,8424.596194399712,8424.596194399712,0.0,0.0,0.019111824083368225,0.0,0.0,0.0
8424.601194399711,8424.601194399711,8424.601194399711,8424.601194399711,0.0,0.0,0.019111824083368225,0.0,0.0,0.0
8424.60619439971,8424.60619439971,8424.60619439971,8424.60619439971,0.049972018970087906,0.0,0.022832805068372354,0.0,0.0,0.0
8424.61119439971,8424.61119439971,8424.61119439971,8424.61119439971,0.0,0.0,0.022832805068372354,0.0,0.0,0.0
8424.616194399709,8424.616194399709,8424.616194399709,8424.616194399709,0.0,0.0,0.022832805068372354,0.0,0.0,0.0
8424.621194399708,8424.621194399708,8424.621194399708,8424.621194399708,0.0,0.0,0.022832805068372354,0.0,0.0,0.0
8424.626194399707,8424.626194399707,8424.626194399707,8424.626194399707,0.0,0.0,0.022832805068372354,0.0,0.0,0.0
8424.631194399706,8424.631194399706,8424.631194399706,8424.631194399706,0.004131277282135391,0.0,0.012535624565435286,0.0,0.0,0.0
8424.636194399705,8424.636194399705,8424.636194399705,8424.636194399705,0.0,0.0,0.012535624565435286,0.0,0.0,0.0
8424.641194399705,8424.641194399705,8424.641194399705,8424.641194399705,0.0,0.0,0.012535624565435286,0.0,0.0,0.0
8424.646194399704,8424.646194399704,8424.646194399704,8424.646194399704,0.0,0.0,0.012535624565435286,0.0,0.0,0.0
8424.651194399703,8424.651194399703,8424.651194399703,8424.651194399703,0.0,0.0,0.012535624565435286,0.0,0.0,0.0
8424.656194399702,8424.656194399702,8424.656194399702,8424.656194399702,0.0,0.0,0.012535624565435286,0.0,0.0,0.0
8424.661194399701,8424.661194399701,8424.661194399701,8424.661194399701,-0.05632192200621819,0.0,0.01885210371285397,0.0,0.0,0.0
8424.6661943997,8424.6661943997,8424.6661943997,8424.6661943997,0.0,0.0,0.01885210371285397,0.0,0.0,0.0
8424.6711943997,8424.6711943997,8424.6711943997,8424.6711943997,0.0,0.0,0.01885210371285397,0.0,0.0,0.0
8424.676194399699,8424.676194399699,8424.676194399699,8424.676194399699,0.0,0.0,0.01885210371285397,0.0,0.0,0.0
8424.681194399698,8424.681194399698,8424.681194399698,8424.681194399698,0.0,0.0,0.01885210371285397,0.0,0.0,0.0
8424.686194399697,8424.686194399697,8424.686194399697,8424.686194399697,0.04060672986894397,0.0,0.017389172027992377,0.0,0.0,0.0
8424.691194399697,8424.691194399697,8424.691194399697,8424.691194399697,0.0,0.0,0.017389172027992377,0.0,0.0,0.0
8424.696194399696,8424.696194399696,8424.696194399696,8424.696194399696,0.0,0.0,0.017389172027992377,0.0,0.0,0.0
8424.701194399695,8424.701194399695,8424.701194399695,8424.701194399695,0.0,0.0,0.017389172027992374,0.0,0.0,0.0
8424.706194399694,8424.706194399694,8424.706194399694,8424.706194399694,0.0,0.0,0.017389172027992377,0.0,0.0,0.0
8424.711194399693,8424.711194399693,8424.711194399693,8424.711194399693,0.0,0.0,0.01735847309155516,0.0,0.0,0.0
8424.716194399693,8424.716194399693,8424.716194399693,8424.716194399693,0.0,0.0,0.01735847309155516,0.0,0.0,0.0
8424.721194399692,8424.721194399692,8424.721194399692,8424.721194399692,0.0,0.0,0.01735847309155516,0.0,0.0,0.0
8424.726194399691,8424.726194399691,8424.726194399691,8424.726194399691,0.0,0.0,0.01735847309155516,0.0,0.0,0.0
8424.73119439969,8424.73119439969,8424.73119439969,8424.73119439969,0.0,0.0,0.01735847309155516,0.0,0.0,0.0
8424.73619439969,8424.73619439969,8424.73619439969,8424.73619439969,0.0,0.0,0.01735847309155516,0.0,0.0,0.0
8424.741194399689,8424.741194399689,8424.741194399689,8424.741194399689,-0.05453108178801627,0.0,0.016997325877216515,0.0,0.0,0.0
8424.746194399688,8424.746194399688,8424.746194399688,8424.746194399688,0.0,0.0,0.016997325877216515,0.0,0.0,0.0
8424.751194399687,8424.751194399687,8424.751194399687,8424.751194399687,0.0,0.0,0.016997325877216515,0.0,0.0,0.0
8424.756194399686,8424.756194399686,8424.756194399686,8424.756194399686,0.0,0.0,0.016997325877216515,0.0,0.0,0.0
8424.761194399685,8424.761194399685,8424.761194399685,8424.761194399685,0.0,0.0,0.016997325877216515,0.0,0.0,0.0
8424.766194399685,8424.766194399685,8424.766194399685,8424.766194399685,0.0,0.0,0.013632770447004068,0.0,0.0,0.0
8424.771194399684,8424.771194399684,8424.771194399684,8424.771194399684,0.0,0.0,0.013632770447004068,0.0,0.0,0.0
8424.776194399683,8424.776194399683,8424.776194399683,8424.776194399683,0.0,0.0,0.013632770447004068,0.0,0.0,0.0
8424.781194399682,8424.781194399682,8424.781194399682,8424.781194399682,0.0,0.0,0.013632770447004068,0.0,0.0,0.0
8424.786194399681,8424.786194399681,8424.786194399681,8424.786194399681,0.0,0.0,0.013632770447004068,0.0,0.0,0.0
8424.79119439968,8424.79119439968,8424.79119439968,8424.79119439968,0.0,0.0,0.013632770447004068,0.0,0.0,0.0
8424.79619439968,8424.79619439968,8424.79619439968,8424.79619439968,-0.0007059696068769615,0.0,0.013633912850996669,0.0,0.0,0.0
8424.801194399679,8424.801194399679,8424.801194399679,8424.801194399679,0.0,0.0,0.013633912850996669,0.0,0.0,0.0
8424.806194399678,8424.806194399678,8424.806194399678,8424.806194399678,0.0,0.0,0.013633912850996669,0.0,0.0,0.0
8424.811194399677,8424.811194399677,8424.811194399677,8424.811194399677,0.0,0.0,0.013633912850996669,0.0,0.0,0.0
8424.816194399677,8424.816194399677,8424.816194399677,8424.816194399677,0.0,0.0,0.013633912850996669,0.0,0.0,0.0
8424.821194399676,8424.821194399676,8424.821194399676,8424.821194399676,-0.06401271029064355,0.0,0.016004150773783064,0.0,0.0,0.0
8424.826194399675,8424.826194399675,8424.826194399675,8424.826194399675,0.0,0.0,0.016004150773783064,0.0,0.0,0.0
8424.831194399674,8424.831194399674,8424.831194399674,8424.831194399674,0.0,0.0,0.016004150773783064,0.0,0.0,0.0
8424.836194399673,8424.836194399673,8424.836194399673,8424.836194399673,0.0,0.0,0.016004150773783064,0.0,0.0,0.0
8424.841194399673,8424.841194399673,8424.841194399673,8424.841194399673,0.0,0.0,0.016004150773783064,0.0,0.0,0.0
8424.846194399672,8424.846194399672,8424.846194399672,8424.846194399672,0.0,0.0,0.016004150773783064,0.0,0.0,0.0
8424.851194399671,8424.851194399671,8424.851194399671,8424.851194399671,0.0,0.0,0.016004150773783064,0.0,0.0,0.0
8424.85619439967,8424.85619439967,8424.85619439967,8424.85619439967,0.0,0.0,0.016004150773783064,0.0,0.0,0.0
8424.86119439967,8424.86119439967,8424.86119439967,8424.86119439967,0.0,0.0,0.016004150773783064,0.0,0.0,0.0
8424.866194399669,8424.866194399669,8424.866194399669,8424.866194399669,0.0,0.0,0.016004150773783064,0.0,0.0,0.0
8424.871194399668,8424.871194399668,8424.871194399668,8424.871194399668,0.0,0.0,0.016004150773783064,0.0,0.0,0.0
8424.876194399667,8424.876194399667,8424.876194399667,8424.876194399667,-0.014230876508206904,0.0,0.016393872569015113,0.0,0.0,0.0
8424.881194399666,8424.881194399666,8424.881194399666,8424.881194399666,0.0,0.0,0.016393872569015113,0.0,0.0,0.0
8424.886194399665,8424.886194399665,8424.886194399665,8424.886194399665,0.0,0.0,0.016393872569015113,0.0,0.0,0.0
8424.891194399665,8424.891194399665,8424.891194399665,8424.891194399665,0.0,0.0,0.016393872569015113,0.0,0.0,0.0
8424.896194399664,8424.896194399664,8424.896194399664,8424.896194399664,0.0,0.0,0.016393872569015113,0.0,0.0,0.0
8424.901194399663,8424.901194399663,8424.901194399663,8424.901194399663,0.0,0.0,0.003557719127051726,0.0,0.0,0.0
8424.906194399662,8424.906194399662,8424.906194399662,8424.906194399662,0.0,0.0,0.003557719127051726,0.0,0.0,0.0
8424.911194399661,8424.911194399661,8424.911194399661,8424.911194399661,0.0,0.0,0.003557719127051726,0.0,0.0,0.0
8424.91619439966,8424.91619439966,8424.91619439966,8424.91619439966,0.0,0.0,0.003557719127051726,0.0,0.0,0.0
8424.92119439966,8424.92119439966,8424.92119439966,8424.92119439966,0.0,0.0,0.003557719127051726,0.0,0.0,0.0
8424.926194399659,8424.926194399659,8424.926194399659,8424.926194399659,0.0,0.0,0.003557719127051726,0.0,0.0,0.0
8424.931194399658,8424.931194399658,8424.931194399658,8424.931194399658,0.0,0.0,0.003557719127051726,0.0,0.0,0.0
8424.936194399657,8424.936194399657,8424.936194399657,8424.936194399657,0.0,0.0,0.003557719127051726,0.0,0.0,0.0
8424.941194399657,8424.941194399657,8424.941194399657,8424.941194399657,0.0,0.0,0.003557719127051726,0.0,0.0,0.0
8424.946194399656,8424.946194399656,8424.946194399656,8424.946194399656,0.0,0.0,0.003557719127051726,0.0,0.0,0.0
8424.951194399655,8424.951194399655,8424.951194399655,8424.951194399655,0.0,0.0,0.003557719127051726,0.0,0.0,0.0
8424.956194399654,8424.956194399654,8424.956194399654,8424.956194399654,-0.09887542698540626,0.0,0.024718856746351565,0.0,0.0,0.0
8424.961194399653,8424.961194399653,8424.961194399653,8424.961194399653,0.0,0.0,0.024718856746351565,0.0,0.0,0.0
8424.966194399653,8424.966194399653,8424.966194399653,8424.966194399653,0.0,0.0,0.024718856746351565,0.0,0.0,0.0
8424.971194399652,8424.971194399652,8424.971194399652,8424.971194399652,0.0,0.0,0.024718856746351565,0.0,0.0,0.0
8424.976194399651,8424.976194399651,8424.976194399651,8424.976194399651,0.0,0.0,0.024718856746351565,0.0,0.0,0.0
8424.98119439965,8424.98119439965,8424.98119439965,8424.98119439965,0.0,0.0,0.024718856746351565,0.0,0.0,0.0
8424.98619439965,8424.98619439965,8424.98619439965,8424.98619439965,0.0,0.0,0.024718856746351565,0.0,0.0,0.0
8424.991194399649,8424.991194399649,8424.991194399649,8424.991194399649,0.0,0.0,0.024718856746351565,0.0,0.0,0.0
8424.996194399648,8424.996194399648,8424.996194399648,8424.996194399648,0.0,0.0,0.024718856746351565,0.0,0.0,0.0
8425.001194399647,8425.001194399647,8425.001194399647,8425.001194399647,0.0,0.0,0.024718856746351565,0.0,0.0,0.0
8425.006194399646,8425.006194399646,8425.006194399646,8425.006194399646,0.0,0.0,0.024718856746351565,0.0,0.0,0.0
8425.011194399645,8425.011194399645,8425.011194399645,8425.011194399645,0.07095580339063098,0.0,0.030425191141918363,0.0,0.0,0.0
8425.016194399645,8425.016194399645,8425.016194399645,8425.016194399645,0.0,0.0,0.030425191141918363,0.0,0.0,0.0
8425.021194399644,8425.021194399644,8425.021194399644,8425.021194399644,0.0,0.0,0.030425191141918363,0.0,0.0,0.0
8425.026194399643,8425.026194399643,8425.026194399643,8425.026194399643,0.0,0.0,0.030425191141918363,0.0,0.0,0.0
8425.031194399642,8425.031194399642,8425.031194399642,8425.031194399642,0.0,0.0,0.030425191141918363,0.0,0.0,0.0
8425.036194399641,8425.036194399641,8425.036194399641,8425.036194399641,0.0,0.0,0.017738950847657746,0.0,0.0,0.0
8425.04119439964,8425.04119439964,8425.04119439964,8425.04119439964,0.0,0.0,0.017738950847657746,0.0,0.0,0.0
8425.04619439964,8425.04619439964,8425.04619439964,8425.04619439964,0.0,0.0,0.017738950847657746,0.0,0.0,0.0
8425.051194399639,8425.051194399639,8425.051194399639,8425.051194399639,0.0,0.0,0.017738950847657746,0.0,0.0,0.0
8425.056194399638,8425.056194399638,8425.056194399638,8425.056194399638,0.0,0.0,0.017738950847657746,0.0,0.0,0.0
8425.061194399637,8425.061194399637,8425.061194399637,8425.061194399637,0.0,0.0,0.017738950847657746,0.0,0.0,0.0
8425.066194399637,8425.066194399637,8425.066194399637,8425.066194399637,0.09168183681854866,0.0,0.028983061041357484,0.0,0.0,0.0
8425.071194399636,8425.071194399636,8425.071194399636,8425.071194399636,0.0,0.0,0.028983061041357484,0.0,0.0,0.0
8425.076194399635,8425.076194399635,8425.076194399635,8425.076194399635,0.0,0.0,0.028983061041357484,0.0,0.0,0.0
8425.081194399634,8425.081194399634,8425.081194399634,8425.081194399634,0.0,0.0,0.028983061041357484,0.0,0.0,0.0
8425.086194399633,8425.086194399633,8425.086194399633,8425.086194399633,0.0,0.0,0.028983061041357484,0.0,0.0,0.0
8425.091194399633,8425.091194399633,8425.091194399633,8425.091194399633,0.03677128919592475,0.0,0.024695251202854412,0.0,0.0,0.0
8425.096194399632,8425.096194399632,8425.096194399632,8425.096194399632,0.0,0.0,0.024695251202854412,0.0,0.0,0.0
8425.101194399631,8425.101194399631,8425.101194399631,8425.101194399631,0.0,0.0,0.024695251202854412,0.0,0.0,0.0
8425.10619439963,8425.10619439963,8425.10619439963,8425.10619439963,0.0,0.0,0.024695251202854412,0.0,0.0,0.0
8425.11119439963,8425.11119439963,8425.11119439963,8425.11119439963,0.0,0.0,0.024695251202854412,0.0,0.0,0.0
8425.116194399629,8425.116194399629,8425.116194399629,8425.116194399629,0.0,0.0,0.024695251202854412,0.0,0.0,0.0
8425.121194399628,8425.121194399628,8425.121194399628,8425.121194399628,0.0,0.0,0.024695251202854412,0.0,0.0,0.0
8425.126194399627,8425.126194399627,8425.126194399627,8425.126194399627,0.0,0.0,0.024695251202854412,0.0,0.0,0.0
8425.131194399626,8425.131194399626,8425.131194399626,8425.131194399626,0.0,0.0,0.024695251202854412,0.0,0.0,0.0
8425.136194399625,8425.136194399625,8425.136194399625,8425.136194399625,0.0,0.0,0.024695251202854412,0.0,0.0,0.0
8425.141194399625,8425.141194399625,8425.141194399625,8425.141194399625,0.0,0.0,0.024695251202854412,0.0,0.0,0.0
8425.146194399624,8425.146194399624,8425.146194399624,8425.146194399624,0.19022291171851127,0.0,0.04843609440012096,0.0,0.0,0.0
8425.151194399623,8425.151194399623,8425.151194399623,8425.151194399623,0.0,0.0,0.04843609440012096,0.0,0.0,0.0
8425.156194399622,8425.156194399622,8425.156194399622,8425.156194399622,0.0,0.0,0.04843609440012096,0.0,0.0,0.0
8425.161194399621,8425.161194399621,8425.161194399621,8425.161194399621,0.0,0.0,0.04843609440012096,0.0,0.0,0.0
8425.16619439962,8425.16619439962,8425.16619439962,8425.16619439962,0.0,0.0,0.04843609440012096,0.0,0.0,0.0
8425.17119439962,8425.17119439962,8425.17119439962,8425.17119439962,0.0,0.0,0.04755572792962782,0.0,0.0,0.0
8425.176194399619,8425.176194399619,8425.176194399619,8425.176194399619,0.0,0.0,0.04755572792962782,0.0,0.0,0.0
8425.181194399618,8425.181194399618,8425.181194399618,8425.181194399618,0.0,0.0,0.04755572792962782,0.0,0.0,0.0
8425.186194399617,8425.186194399617,8425.186194399617,8425.186194399617,0.0,0.0,0.04755572792962782,0.0,0.0,0.0
8425.191194399617,8425.191194399617,8425.191194399617,8425.191194399617,0.0,0.0,0.04755572792962782,0.0,0.0,0.0
8425.196194399616,8425.196194399616,8425.196194399616,8425.196194399616,0.0,0.0,0.04755572792962782,0.0,0.0,0.0
8425.201194399615,8425.201194399615,8425.201194399615,8425.201194399615,0.0,0.0,0.04755572792962782,0.0,0.0,0.0
8425.206194399614,8425.206194399614,8425.206194399614,8425.206194399614,0.0,0.0,0.04755572792962782,0.0,0.0,0.0
8425.211194399613,8425.211194399613,8425.211194399613,8425.211194399613,0.0,0.0,0.04755572792962782,0.0,0.0,0.0
8425.216194399613,8425.216194399613,8425.216194399613,8425.216194399613,0.0,0.0,0.04755572792962782,0.0,0.0,0.0
8425.221194399612,8425.221194399612,8425.221194399612,8425.221194399612,0.0,0.0,0.04755572792962782,0.0,0.0,0.0
8425.22619439961,8425.22619439961,8425.22619439961,8425.22619439961,0.15122502641116475,0.0,0.03780625660279119,0.0,0.0,0.0
8425.23119439961,8425.23119439961,8425.23119439961,8425.23119439961,0.0,0.0,0.03780625660279119,0.0,0.0,0.0
8425.23619439961,8425.23619439961,8425.23619439961,8425.23619439961,0.0,0.0,0.03780625660279119,0.0,0.0,0.0
8425.241194399609,8425.241194399609,8425.241194399609,8425.241194399609,0.0,0.0,0.03780625660279119,0.0,0.0,0.0
8425.246194399608,8425.246194399608,8425.246194399608,8425.246194399608,0.0,0.0,0.03780625660279119,0.0,0.0,0.0
8425.251194399607,8425.251194399607,8425.251194399607,8425.251194399607,0.0,0.0,0.03780625660279119,0.0,0.0,0.0
8425.256194399606,8425.256194399606,8425.256194399606,8425.256194399606,0.0,0.0,0.03780625660279119,0.0,0.0,0.0
8425.261194399605,8425.261194399605,8425.261194399605,8425.261194399605,0.0,0.0,0.03780625660279119,0.0,0.0,0.0
8425.266194399605,8425.266194399605,8425.266194399605,8425.266194399605,0.0,0.0,0.03780625660279119,0.0,0.0,0.0
8425.271194399604,8425.271194399604,8425.271194399604,8425.271194399604,0.0,0.0,0.03780625660279119,0.0,0.0,0.0
8425.276194399603,8425.276194399603,8425.276194399603,8425.276194399603,0.0,0.0,0.03780625660279119,0.0,0.0,0.0
8425.281194399602,8425.281194399602,8425.281194399602,8425.281194399602,-0.08733634017754455,0.0,0.0436582215400671,0.0,0.0,0.0
8425.286194399601,8425.286194399601,8425.286194399601,8425.286194399601,0.0,0.0,0.0436582215400671,0.0,0.0,0.0
8425.2911943996,8425.2911943996,8425.2911943996,8425.2911943996,0.0,0.0,0.0436582215400671,0.0,0.0,0.0
8425.2961943996,8425.2961943996,8425.2961943996,8425.2961943996,0.0,0.0,0.0436582215400671,0.0,0.0,0.0
8425.301194399599,8425.301194399599,8425.301194399599,8425.301194399599,0.0,0.0,0.0436582215400671,0.0,0.0,0.0
8425.306194399598,8425.306194399598,8425.306194399598,8425.306194399598,0.0,0.0,0.021834085044386137,0.0,0.0,0.0
8425.311194399597,8425.311194399597,8425.311194399597,8425.311194399597,0.0,0.0,0.021834085044386137,0.0,0.0,0.0
8425.316194399596,8425.316194399596,8425.316194399596,8425.316194399596,0.0,0.0,0.021834085044386137,0.0,0.0,0.0
8425.321194399596,8425.321194399596,8425.321194399596,8425.321194399596,0.0,0.0,0.021834085044386137,0.0,0.0,0.0
8425.326194399595,8425.326194399595,8425.326194399595,8425.326194399595,0.0,0.0,0.021834085044386137,0.0,0.0,0.0
8425.331194399594,8425.331194399594,8425.331194399594,8425.331194399594,0.0,0.0,0.021834085044386137,0.0,0.0,0.0
8425.336194399593,8425.336194399593,8425.336194399593,8425.336194399593,0.0,0.0,0.021834085044386137,0.0,0.0,0.0
8425.341194399592,8425.341194399592,8425.341194399592,8425.341194399592,0.0,0.0,0.021834085044386137,0.0,0.0,0.0
8425.346194399592,8425.346194399592,8425.346194399592,8425.346194399592,0.0,0.0,0.021834085044386137,0.0,0.0,0.0
8425.35119439959,8425.35119439959,8425.35119439959,8425.35119439959,0.0,0.0,0.021834085044386137,0.0,0.0,0.0
8425.35619439959,8425.35619439959,8425.35619439959,8425.35619439959,0.0,0.0,0.021834085044386137,0.0,0.0,0.0
8425.36119439959,8425.36119439959,8425.36119439959,8425.36119439959,0.0,0.0,0.0,0.0,0.0,0.0
8425.366194399588,8425.366194399588,8425.366194399588,8425.366194399588,0.0,0.0,0.0,0.0,0.0,0.0
8425.371194399588,8425.371194399588,8425.371194399588,8425.371194399588,0.0,0.0,0.0,0.0,0.0,0.0
8425.376194399587,8425.376194399587,8425.376194399587,8425.376194399587,0.0,0.0,0.0,0.0,0.0,0.0
8425.381194399586,8425.381194399586,8425.381194399586,8425.381194399586,0.0,0.0,0.0,0.0,0.0,0.0
8425.386194399585,8425.386194399585,8425.386194399585,8425.386194399585,0.0,0.0,0.0,0.0,0.0,0.0
8425.391194399584,8425.391194399584,8425.391194399584,8425.391194399584,0.0,0.0,0.0,0.0,0.0,0.0
8425.396194399584,8425.396194399584,8425.396194399584,8425.396194399584,0.0,0.0,0.0,0.0,0.0,0.0
8425.401194399583,8425.401194399583,8425.401194399583,8425.401194399583,0.0,0.0,0.0,0.0,0.0,0.0
8425.406194399582,8425.406194399582,8425.406194399582,8425.406194399582,0.0,0.0,0.0,0.0,0.0,0.0
8425.411194399581,8425.411194399581,8425.411194399581,8425.411194399581,0.0,0.0,0.0,0.0,0.0,0.0
8425.41619439958,8425.41619439958,8425.41619439958,8425.41619439958,-0.13753607349774175,0.0,0.034384018374435436,0.0,0.0,0.0
8425.42119439958,8425.42119439958,8425.42119439958,8425.42119439958,0.0,0.0,0.034384018374435436,0.0,0.0,0.0
8425.426194399579,8425.426194399579,8425.426194399579,8425.426194399579,0.0,0.0,0.034384018374435436,0.0,0.0,0.0
8425.431194399578,8425.431194399578,8425.431194399578,8425.431194399578,0.0,0.0,0.034384018374435436,0.0,0.0,0.0
8425.436194399577,8425.436194399577,8425.436194399577,8425.436194399577,0.0,0.0,0.034384018374435436,0.0,0.0,0.0
8425.441194399576,8425.441194399576,8425.441194399576,8425.441194399576,0.0,0.0,0.034384018374435436,0.0,0.0,0.0
8425.446194399576,8425.446194399576,8425.446194399576,8425.446194399576,0.0,0.0,0.034384018374435436,0.0,0.0,0.0
8425.451194399575,8425.451194399575,8425.451194399575,8425.451194399575,0.0,0.0,0.034384018374435436,0.0,0.0,0.0
8425.456194399574,8425.456194399574,8425.456194399574,8425.456194399574,0.0,0.0,0.034384018374435436,0.0,0.0,0.0
8425.461194399573,8425.461194399573,8425.461194399573,8425.461194399573,0.0,0.0,0.034384018374435436,0.0,0.0,0.0
8425.466194399572,8425.466194399572,8425.466194399572,8425.466194399572,0.0,0.0,0.034384018374435436,0.0,0.0,0.0
8425.471194399572,8425.471194399572,8425.471194399572,8425.471194399572,0.061085184913245334,0.0,0.03762277512446882,0.0,0.0,0.0
8425.47619439957,8425.47619439957,8425.47619439957,8425.47619439957,0.0,0.0,0.03762277512446882,0.0,0.0,0.0
8425.48119439957,8425.48119439957,8425.48119439957,8425.48119439957,0.0,0.0,0.03762277512446882,0.0,0.0,0.0
8425.48619439957,8425.48619439957,8425.48619439957,8425.48619439957,0.0,0.0,0.03762277512446882,0.0,0.0,0.0
8425.491194399568,8425.491194399568,8425.491194399568,8425.491194399568,0.0,0.0,0.03762277512446882,0.0,0.0,0.0
8425.496194399568,8425.496194399568,8425.496194399568,8425.496194399568,-0.07563337745495309,0.0,0.02430510183213699,0.0,0.0,0.0
8425.501194399567,8425.501194399567,8425.501194399567,8425.501194399567,0.0,0.0,0.02430510183213699,0.0,0.0,0.0
8425.506194399566,8425.506194399566,8425.506194399566,8425.506194399566,0.0,0.0,0.02430510183213699,0.0,0.0,0.0
8425.511194399565,8425.511194399565,8425.511194399565,8425.511194399565,0.0,0.0,0.02430510183213699,0.0,0.0,0.0
8425.516194399564,8425.516194399564,8425.516194399564,8425.516194399564,0.0,0.0,0.02430510183213699,0.0,0.0,0.0
8425.521194399564,8425.521194399564,8425.521194399564,8425.521194399564,0.0,0.0,0.02430510183213699,0.0,0.0,0.0
8425.526194399563,8425.526194399563,8425.526194399563,8425.526194399563,0.0,0.0,0.02430510183213699,0.0,0.0,0.0
8425.531194399562,8425.531194399562,8425.531194399562,8425.531194399562,0.0,0.0,0.02430510183213699,0.0,0.0,0.0
8425.536194399561,8425.536194399561,8425.536194399561,8425.536194399561,0.0,0.0,0.02430510183213699,0.0,0.0,0.0
8425.54119439956,8425.54119439956,8425.54119439956,8425.54119439956,0.0,0.0,0.02430510183213699,0.0,0.0,0.0
8425.54619439956,8425.54619439956,8425.54619439956,8425.54619439956,0.0,0.0,0.02430510183213699,0.0,0.0,0.0
8425.551194399559,8425.551194399559,8425.551194399559,8425.551194399559,0.0,0.0,0.018908344363738273,0.0,0.0,0.0
8425.556194399558,8425.556194399558,8425.556194399558,8425.556194399558,0.0,0.0,0.018908344363738273,0.0,0.0,0.0
8425.561194399557,8425.561194399557,8425.561194399557,8425.561194399557,0.0,0.0,0.018908344363738273,0.0,0.0,0.0
8425.566194399556,8425.566194399556,8425.566194399556,8425.566194399556,0.0,0.0,0.018908344363738273,0.0,0.0,0.0
8425.571194399556,8425.571194399556,8425.571194399556,8425.571194399556,0.0,0.0,0.018908344363738273,0.0,0.0,0.0
8425.576194399555,8425.576194399555,8425.576194399555,8425.576194399555,-0.06254983195947368,0.0,0.01563745798986842,0.0,0.0,0.0
8425.581194399554,8425.581194399554,8425.581194399554,8425.581194399554,0.0,0.0,0.01563745798986842,0.0,0.0,0.0
8425.586194399553,8425.586194399553,8425.586194399553,8425.586194399553,0.0,0.0,0.01563745798986842,0.0,0.0,0.0
8425.591194399552,8425.591194399552,8425.591194399552,8425.591194399552,0.0,0.0,0.01563745798986842,0.0,0.0,0.0
8425.596194399552,8425.596194399552,8425.596194399552,8425.596194399552,0.0,0.0,0.01563745798986842,0.0,0.0,0.0
8425.60119439955,8425.60119439955,8425.60119439955,8425.60119439955,0.0,0.0,0.01563745798986842,0.0,0.0,0.0
8425.60619439955,8425.60619439955,8425.60619439955,8425.60619439955,0.0,0.0,0.01563745798986842,0.0,0.0,0.0
8425.61119439955,8425.61119439955,8425.61119439955,8425.61119439955,0.0,0.0,0.01563745798986842,0.0,0.0,0.0
8425.616194399548,8425.616194399548,8425.616194399548,8425.616194399548,0.0,0.0,0.01563745798986842,0.0,0.0,0.0
8425.621194399548,8425.621194399548,8425.621194399548,8425.621194399548,0.0,0.0,0.01563745798986842,0.0,0.0,0.0
8425.626194399547,8425.626194399547,8425.626194399547,8425.626194399547,0.0,0.0,0.01563745798986842,0.0,0.0,0.0
8425.631194399546,8425.631194399546,8425.631194399546,8425.631194399546,0.029336774694128792,0.0,0.017271956728343765,0.0,0.0,0.0
8425.636194399545,8425.636194399545,8425.636194399545,8425.636194399545,0.0,0.0,0.017271956728343765,0.0,0.0,0.0
8425.641194399544,8425.641194399544,8425.641194399544,8425.641194399544,0.0,0.0,0.017271956728343765,0.0,0.0,0.0
8425.646194399544,8425.646194399544,8425.646194399544,8425.646194399544,0.0,0.0,0.017271956728343765,0.0,0.0,0.0
8425.651194399543,8425.651194399543,8425.651194399543,8425.651194399543,0.0,0.0,0.017271956728343765,0.0,0.0,0.0
8425.656194399542,8425.656194399542,8425.656194399542,8425.656194399542,0.0,0.0,0.007334193673532198,0.0,0.0,0.0
8425.661194399541,8425.661194399541,8425.661194399541,8425.661194399541,-0.21068415784696345,0.0,0.05317921393572063,0.0,0.0,0.0
8425.66619439954,8425.66619439954,8425.66619439954,8425.66619439954,0.0,0.0,0.05317921393572063,0.0,0.0,0.0
8425.67119439954,8425.67119439954,8425.67119439954,8425.67119439954,0.0,0.0,0.05317921393572063,0.0,0.0,0.0
8425.676194399539,8425.676194399539,8425.676194399539,8425.676194399539,0.0,0.0,0.05317921393572063,0.0,0.0,0.0
8425.681194399538,8425.681194399538,8425.681194399538,8425.681194399538,0.0,0.0,0.05317921393572063,0.0,0.0,0.0
8425.686194399537,8425.686194399537,8425.686194399537,8425.686194399537,0.24451974435179155,0.0,0.08102405742085332,0.0,0.0,0.0
8425.691194399536,8425.691194399536,8425.691194399536,8425.691194399536,0.0,0.0,0.08102405742085332,0.0,0.0,0.0
8425.696194399536,8425.696194399536,8425.696194399536,8425.696194399536,0.0,0.0,0.08102405742085332,0.0,0.0,0.0
8425.701194399535,8425.701194399535,8425.701194399535,8425.701194399535,0.0,0.0,0.08102405742085332,0.0,0.0,0.0
8425.706194399534,8425.706194399534,8425.706194399534,8425.706194399534,0.0,0.0,0.08102405742085332,0.0,0.0,0.0
8425.711194399533,8425.711194399533,8425.711194399533,8425.711194399533,0.0,0.0,0.08069143377147822,0.0,0.0,0.0
8425.716194399532,8425.716194399532,8425.716194399532,8425.716194399532,0.0,0.0,0.08069143377147822,0.0,0.0,0.0
8425.721194399532,8425.721194399532,8425.721194399532,8425.721194399532,0.0,0.0,0.08069143377147822,0.0,0.0,0.0
8425.72619439953,8425.72619439953,8425.72619439953,8425.72619439953,0.0,0.0,0.08069143377147822,0.0,0.0,0.0
8425.73119439953,8425.73119439953,8425.73119439953,8425.73119439953,0.0,0.0,0.08069143377147822,0.0,0.0,0.0
8425.73619439953,8425.73619439953,8425.73619439953,8425.73619439953,0.0,0.0,0.08069143377147822,0.0,0.0,0.0
8425.741194399528,8425.741194399528,8425.741194399528,8425.741194399528,-0.08384827255494026,0.0,0.06462412387622415,0.0,0.0,0.0
8425.746194399528,8425.746194399528,8425.746194399528,8425.746194399528,0.0,0.0,0.06462412387622415,0.0,0.0,0.0
8425.751194399527,8425.751194399527,8425.751194399527,8425.751194399527,0.0,0.0,0.06462412387622415,0.0,0.0,0.0
8425.756194399526,8425.756194399526,8425.756194399526,8425.756194399526,0.0,0.0,0.06462412387622415,0.0,0.0,0.0
8425.761194399525,8425.761194399525,8425.761194399525,8425.761194399525,0.0,0.0,0.06462412387622415,0.0,0.0,0.0
8425.766194399524,8425.766194399524,8425.766194399524,8425.766194399524,0.1316044226198385,0.0,0.03901142209625007,0.0,0.0,0.0
8425.771194399524,8425.771194399524,8425.771194399524,8425.771194399524,0.0,0.0,0.03901142209625007,0.0,0.0,0.0
8425.776194399523,8425.776194399523,8425.776194399523,8425.776194399523,0.0,0.0,0.03901142209625007,0.0,0.0,0.0
8425.781194399522,8425.781194399522,8425.781194399522,8425.781194399522,0.0,0.0,0.03901142209625007,0.0,0.0,0.0
8425.786194399521,8425.786194399521,8425.786194399521,8425.786194399521,0.0,0.0,0.03901142209625007,0.0,0.0,0.0
8425.79119439952,8425.79119439952,8425.79119439952,8425.79119439952,0.0,0.0,0.03901142209625007,0.0,0.0,0.0
8425.79619439952,8425.79619439952,8425.79619439952,8425.79619439952,0.0,0.0,0.03901142209625007,0.0,0.0,0.0
8425.801194399519,8425.801194399519,8425.801194399519,8425.801194399519,0.0,0.0,0.03901142209625007,0.0,0.0,0.0
8425.806194399518,8425.806194399518,8425.806194399518,8425.806194399518,0.0,0.0,0.03901142209625007,0.0,0.0,0.0
8425.811194399517,8425.811194399517,8425.811194399517,8425.811194399517,0.0,0.0,0.03901142209625007,0.0,0.0,0.0
8425.816194399516,8425.816194399516,8425.816194399516,8425.816194399516,0.0,0.0,0.03901142209625007,0.0,0.0,0.0
8425.821194399516,8425.821194399516,8425.821194399516,8425.821194399516,0.010613763658070765,0.0,0.03300793089555377,0.0,0.0,0.0
8425.826194399515,8425.826194399515,8425.826194399515,8425.826194399515,0.0,0.0,0.03300793089555377,0.0,0.0,0.0
8425.831194399514,8425.831194399514,8425.831194399514,8425.831194399514,0.0,0.0,0.03300793089555377,0.0,0.0,0.0
8425.836194399513,8425.836194399513,8425.836194399513,8425.836194399513,0.0,0.0,0.03300793089555377,0.0,0.0,0.0
8425.841194399512,8425.841194399512,8425.841194399512,8425.841194399512,0.0,0.0,0.03300793089555377,0.0,0.0,0.0
8425.846194399512,8425.846194399512,8425.846194399512,8425.846194399512,0.0,0.0,0.002653440914517691,0.0,0.0,0.0
8425.85119439951,8425.85119439951,8425.85119439951,8425.85119439951,0.0,0.0,0.002653440914517691,0.0,0.0,0.0
8425.85619439951,8425.85619439951,8425.85619439951,8425.85619439951,0.0,0.0,0.002653440914517691,0.0,0.0,0.0
8425.86119439951,8425.86119439951,8425.86119439951,8425.86119439951,0.0,0.0,0.002653440914517691,0.0,0.0,0.0
8425.866194399508,8425.866194399508,8425.866194399508,8425.866194399508,0.0,0.0,0.002653440914517691,0.0,0.0,0.0
8425.871194399508,8425.871194399508,8425.871194399508,8425.871194399508,0.0,0.0,0.002653440914517691,0.0,0.0,0.0
8425.876194399507,8425.876194399507,8425.876194399507,8425.876194399507,0.0,0.0,0.002653440914517691,0.0,0.0,0.0
8425.881194399506,8425.881194399506,8425.881194399506,8425.881194399506,0.0,0.0,0.002653440914517691,0.0,0.0,0.0
8425.886194399505,8425.886194399505,8425.886194399505,8425.886194399505,0.0,0.0,0.002653440914517691,0.0,0.0,0.0
8425.891194399504,8425.891194399504,8425.891194399504,8425.891194399504,0.0,0.0,0.002653440914517691,0.0,0.0,0.0
8425.896194399504,8425.896194399504,8425.896194399504,8425.896194399504,0.0,0.0,0.002653440914517691,0.0,0.0,0.0
8425.901194399503,8425.901194399503,8425.901194399503,8425.901194399503,0.060165696119545774,0.0,0.015041424029886443,0.0,0.0,0.0
8425.906194399502,8425.906194399502,8425.906194399502,8425.906194399502,0.0,0.0,0.015041424029886443,0.0,0.0,0.0
8425.911194399501,8425.911194399501,8425.911194399501,8425.911194399501,0.0,0.0,0.015041424029886443,0.0,0.0,0.0
8425.9161943995,8425.9161943995,8425.9161943995,8425.9161943995,0.0,0.0,0.015041424029886443,0.0,0.0,0.0
8425.9211943995,8425.9211943995,8425.9211943995,8425.9211943995,0.0,0.0,0.015041424029886443,0.0,0.0,0.0
8425.926194399499,8425.926194399499,8425.926194399499,8425.926194399499,0.0,0.0,0.015041424029886443,0.0,0.0,0.0
8425.931194399498,8425.931194399498,8425.931194399498,8425.931194399498,0.0,0.0,0.015041424029886443,0.0,0.0,0.0
8425.936194399497,8425.936194399497,8425.936194399497,8425.936194399497,0.0,0.0,0.015041424029886443,0.0,0.0,0.0
8425.941194399496,8425.941194399496,8425.941194399496,8425.941194399496,0.0,0.0,0.015041424029886443,0.0,0.0,0.0
8425.946194399496,8425.946194399496,8425.946194399496,8425.946194399496,0.0,0.0,0.015041424029886443,0.0,0.0,0.0
8425.951194399495,8425.951194399495,8425.951194399495,8425.951194399495,0.0,0.0,0.015041424029886443,0.0,0.0,0.0
8425.956194399494,8425.956194399494,8425.956194399494,8425.956194399494,-0.1891499902341187,0.0,0.049622090465787465,0.0,0.0,0.0
8425.961194399493,8425.961194399493,8425.961194399493,8425.961194399493,0.0,0.0,0.049622090465787465,0.0,0.0,0.0
8425.966194399492,8425.966194399492,8425.966194399492,8425.966194399492,0.0,0.0,0.049622090465787465,0.0,0.0,0.0
8425.971194399492,8425.971194399492,8425.971194399492,8425.971194399492,0.0,0.0,0.049622090465787465,0.0,0.0,0.0
8425.97619439949,8425.97619439949,8425.97619439949,8425.97619439949,0.0,0.0,0.049622090465787465,0.0,0.0,0.0
8425.98119439949,8425.98119439949,8425.98119439949,8425.98119439949,0.0348305012618428,0.0,0.048082534916354,0.0,0.0,0.0
8425.98619439949,8425.98619439949,8425.98619439949,8425.98619439949,0.0,0.0,0.048082534916354,0.0,0.0,0.0
8425.991194399488,8425.991194399488,8425.991194399488,8425.991194399488,0.0,0.0,0.048082534916354,0.0,0.0,0.0
8425.996194399488,8425.996194399488,8425.996194399488,8425.996194399488,0.0,0.0,0.048082534916354,0.0,0.0,0.0
8426.001194399487,8426.001194399487,8426.001194399487,8426.001194399487,0.0,0.0,0.048082534916354,0.0,0.0,0.0
8426.006194399486,8426.006194399486,8426.006194399486,8426.006194399486,0.0,0.0,0.048082534916354,0.0,0.0,0.0
8426.011194399485,8426.011194399485,8426.011194399485,8426.011194399485,0.0,0.0,0.048082534916354,0.0,0.0,0.0
8426.016194399484,8426.016194399484,8426.016194399484,8426.016194399484,0.0,0.0,0.048082534916354,0.0,0.0,0.0
8426.021194399484,8426.021194399484,8426.021194399484,8426.021194399484,0.0,0.0,0.048082534916354,0.0,0.0,0.0
8426.026194399483,8426.026194399483,8426.026194399483,8426.026194399483,0.0,0.0,0.048082534916354,0.0,0.0,0.0
8426.031194399482,8426.031194399482,8426.031194399482,8426.031194399482,0.0,0.0,0.048082534916354,0.0,0.0,0.0
8426.036194399481,8426.036194399481,8426.036194399481,8426.036194399481,-0.2674290884940967,0.0,0.06742193689322055,0.0,0.0,0.0
8426.04119439948,8426.04119439948,8426.04119439948,8426.04119439948,0.0,0.0,0.06742193689322055,0.0,0.0,0.0
8426.04619439948,8426.04619439948,8426.04619439948,8426.04619439948,0.0,0.0,0.06742193689322055,0.0,0.0,0.0
8426.051194399479,8426.051194399479,8426.051194399479,8426.051194399479,0.0,0.0,0.06742193689322055,0.0,0.0,0.0
8426.056194399478,8426.056194399478,8426.056194399478,8426.056194399478,0.0,0.0,0.06742193689322055,0.0,0.0,0.0
8426.061194399477,8426.061194399477,8426.061194399477,8426.061194399477,0.0,0.0,0.06685727212352417,0.0,0.0,0.0
8426.066194399476,8426.066194399476,8426.066194399476,8426.066194399476,0.0,0.0,0.06685727212352417,0.0,0.0,0.0
8426.071194399476,8426.071194399476,8426.071194399476,8426.071194399476,0.0,0.0,0.06685727212352417,0.0,0.0,0.0
8426.076194399475,8426.076194399475,8426.076194399475,8426.076194399475,0.0,0.0,0.06685727212352417,0.0,0.0,0.0
8426.081194399474,8426.081194399474,8426.081194399474,8426.081194399474,0.0,0.0,0.06685727212352417,0.0,0.0,0.0
8426.086194399473,8426.086194399473,8426.086194399473,8426.086194399473,0.0,0.0,0.06685727212352417,0.0,0.0,0.0
8426.091194399472,8426.091194399472,8426.091194399472,8426.091194399472,0.0,0.0,0.06685727212352417,0.0,0.0,0.0
8426.096194399472,8426.096194399472,8426.096194399472,8426.096194399472,0.0,0.0,0.06685727212352417,0.0,0.0,0.0
8426.10119439947,8426.10119439947,8426.10119439947,8426.10119439947,0.0,0.0,0.06685727212352417,0.0,0.0,0.0
8426.10619439947,8426.10619439947,8426.10619439947,8426.10619439947,0.0,0.0,0.06685727212352417,0.0,0.0,0.0
8426.11119439947,8426.11119439947,8426.11119439947,8426.11119439947,0.0,0.0,0.06685727212352417,0.0,0.0,0.0
8426.116194399468,8426.116194399468,8426.116194399468,8426.116194399468,0.0,0.0,0.0,0.0,0.0,0.0
8426.121194399468,8426.121194399468,8426.121194399468,8426.121194399468,0.0,0.0,0.0,0.0,0.0,0.0
8426.126194399467,8426.126194399467,8426.126194399467,8426.126194399467,0.0,0.0,0.0,0.0,0.0,0.0
8426.131194399466,8426.131194399466,8426.131194399466,8426.131194399466,0.0,0.0,0.0,0.0,0.0,0.0
8426.136194399465,8426.136194399465,8426.136194399465,8426.136194399465,0.0,0.0,0.0,0.0,0.0,0.0
8426.141194399464,8426.141194399464,8426.141194399464,8426.141194399464,0.0,0.0,0.0,0.0,0.0,0.0
8426.146194399464,8426.146194399464,8426.146194399464,8426.146194399464,0.0,0.0,0.0,0.0,0.0,0.0
8426.151194399463,8426.151194399463,8426.151194399463,8426.151194399463,0.0,0.0,0.0,0.0,0.0,0.0
8426.156194399462,8426.156194399462,8426.156194399462,8426.156194399462,0.0,0.0,0.0,0.0,0.0,0.0
8426.161194399461,8426.161194399461,8426.161194399461,8426.161194399461,0.0,0.0,0.0,0.0,0.0,0.0
8426.16619439946,8426.16619439946,8426.16619439946,8426.16619439946,0.0,0.0,0.0,0.0,0.0,0.0
8426.17119439946,8426.17119439946,8426.17119439946,8426.17119439946,3.3657967673819424e-05,0.0,8.414491918454856e-06,0.0,0.0,0.0
8426.176194399459,8426.176194399459,8426.176194399459,8426.176194399459,0.0,0.0,8.414491918454856e-06,0.0,0.0,0.0
8426.181194399458,8426.181194399458,8426.181194399458,8426.181194399458,0.0,0.0,8.414491918454856e-06,0.0,0.0,0.0
8426.186194399457,8426.186194399457,8426.186194399457,8426.186194399457,0.0,0.0,8.414491918454856e-06,0.0,0.0,0.0
8426.191194399456,8426.191194399456,8426.191194399456,8426.191194399456,0.0,0.0,8.414491918454856e-06,0.0,0.0,0.0
8426.196194399456,8426.196194399456,8426.196194399456,8426.196194399456,0.0,0.0,8.414491918454856e-06,0.0,0.0,0.0
8426.201194399455,8426.201194399455,8426.201194399455,8426.201194399455,0.0,0.0,8.414491918454856e-06,0.0,0.0,0.0
8426.206194399454,8426.206194399454,8426.206194399454,8426.206194399454,0.0,0.0,8.414491918454856e-06,0.0,0.0,0.0
8426.211194399453,8426.211194399453,8426.211194399453,8426.211194399453,0.0,0.0,8.414491918454856e-06,0.0,0.0,0.0
8426.216194399452,8426.216194399452,8426.216194399452,8426.216194399452,0.0,0.0,8.414491918454856e-06,0.0,0.0,0.0
8426.221194399452,8426.221194399452,8426.221194399452,8426.221194399452,0.0,0.0,8.414491918454856e-06,0.0,0.0,0.0
8426.22619439945,8426.22619439945,8426.22619439945,8426.22619439945,0.17525770242838654,0.0,0.04381442641509163,0.0,0.0,0.0
8426.23119439945,8426.23119439945,8426.23119439945,8426.23119439945,0.0,0.0,0.04381442641509163,0.0,0.0,0.0
8426.23619439945,8426.23619439945,8426.23619439945,8426.23619439945,0.0,0.0,0.04381442641509163,0.0,0.0,0.0
8426.241194399448,8426.241194399448,8426.241194399448,8426.241194399448,0.0,0.0,0.04381442641509163,0.0,0.0,0.0
8426.246194399448,8426.246194399448,8426.246194399448,8426.246194399448,0.0,0.0,0.04381442641509163,0.0,0.0,0.0
8426.251194399447,8426.251194399447,8426.251194399447,8426.251194399447,0.0,0.0,0.043814425607096634,0.0,0.0,0.0
8426.256194399446,8426.256194399446,8426.256194399446,8426.256194399446,0.0,0.0,0.043814425607096634,0.0,0.0,0.0
8426.261194399445,8426.261194399445,8426.261194399445,8426.261194399445,0.0,0.0,0.043814425607096634,0.0,0.0,0.0
8426.266194399444,8426.266194399444,8426.266194399444,8426.266194399444,0.0,0.0,0.043814425607096634,0.0,0.0,0.0
8426.271194399444,8426.271194399444,8426.271194399444,8426.271194399444,0.0,0.0,0.043814425607096634,0.0,0.0,0.0
8426.276194399443,8426.276194399443,8426.276194399443,8426.276194399443,0.0,0.0,0.043814425607096634,0.0,0.0,0.0
8426.281194399442,8426.281194399442,8426.281194399442,8426.281194399442,0.003724730091604812,0.0,0.04382431964298775,0.0,0.0,0.0
8426.286194399441,8426.286194399441,8426.286194399441,8426.286194399441,0.0,0.0,0.04382431964298775,0.0,0.0,0.0
8426.29119439944,8426.29119439944,8426.29119439944,8426.29119439944,0.0,0.0,0.04382431964298775,0.0,0.0,0.0
8426.29619439944,8426.29619439944,8426.29619439944,8426.29619439944,0.0,0.0,0.04382431964298775,0.0,0.0,0.0
8426.301194399439,8426.301194399439,8426.301194399439,8426.301194399439,0.0,0.0,0.04382431964298775,0.0,0.0,0.0
8426.306194399438,8426.306194399438,8426.306194399438,8426.306194399438,0.021198709501416443,0.0,0.005380862493485304,0.0,0.0,0.0
8426.311194399437,8426.311194399437,8426.311194399437,8426.311194399437,0.0,0.0,0.005380862493485304,0.0,0.0,0.0
8426.316194399436,8426.316194399436,8426.316194399436,8426.316194399436,0.0,0.0,0.005380862493485304,0.0,0.0,0.0
8426.321194399436,8426.321194399436,8426.321194399436,8426.321194399436,0.0,0.0,0.005380862493485304,0.0,0.0,0.0
8426.326194399435,8426.326194399435,8426.326194399435,8426.326194399435,0.0,0.0,0.005380862493485304,0.0,0.0,0.0
8426.331194399434,8426.331194399434,8426.331194399434,8426.331194399434,0.0,0.0,0.005380862493485304,0.0,0.0,0.0
8426.336194399433,8426.336194399433,8426.336194399433,8426.336194399433,0.0,0.0,0.005380862493485304,0.0,0.0,0.0
8426.341194399432,8426.341194399432,8426.341194399432,8426.341194399432,0.0,0.0,0.005380862493485304,0.0,0.0,0.0
8426.346194399432,8426.346194399432,8426.346194399432,8426.346194399432,0.0,0.0,0.005380862493485304,0.0,0.0,0.0
8426.35119439943,8426.35119439943,8426.35119439943,8426.35119439943,0.0,0.0,0.005380862493485304,0.0,0.0,0.0
8426.35619439943,8426.35619439943,8426.35619439943,8426.35619439943,0.0,0.0,0.005380862493485304,0.0,0.0,0.0
8426.36119439943,8426.36119439943,8426.36119439943,8426.36119439943,0.11829106601128205,0.0,0.03004388621522161,0.0,0.0,0.0
8426.366194399428,8426.366194399428,8426.366194399428,8426.366194399428,0.0,0.0,0.03004388621522161,0.0,0.0,0.0
8426.371194399428,8426.371194399428,8426.371194399428,8426.371194399428,0.0,0.0,0.03004388621522161,0.0,0.0,0.0
8426.376194399427,8426.376194399427,8426.376194399427,8426.376194399427,0.0,0.0,0.03004388621522161,0.0,0.0,0.0
8426.381194399426,8426.381194399426,8426.381194399426,8426.381194399426,0.0,0.0,0.03004388621522161,0.0,0.0,0.0
8426.386194399425,8426.386194399425,8426.386194399425,8426.386194399425,0.0,0.0,0.02957276650282051,0.0,0.0,0.0
8426.391194399424,8426.391194399424,8426.391194399424,8426.391194399424,0.0,0.0,0.02957276650282051,0.0,0.0,0.0
8426.396194399424,8426.396194399424,8426.396194399424,8426.396194399424,0.0,0.0,0.02957276650282051,0.0,0.0,0.0
8426.401194399423,8426.401194399423,8426.401194399423,8426.401194399423,0.0,0.0,0.02957276650282051,0.0,0.0,0.0
8426.406194399422,8426.406194399422,8426.406194399422,8426.406194399422,0.0,0.0,0.02957276650282051,0.0,0.0,0.0
8426.411194399421,8426.411194399421,8426.411194399421,8426.411194399421,0.0,0.0,0.02957276650282051,0.0,0.0,0.0
8426.41619439942,8426.41619439942,8426.41619439942,8426.41619439942,0.0,0.0,0.02957276650282051,0.0,0.0,0.0
8426.42119439942,8426.42119439942,8426.42119439942,8426.42119439942,0.0,0.0,0.02957276650282051,0.0,0.0,0.0
8426.426194399419,8426.426194399419,8426.426194399419,8426.426194399419,0.0,0.0,0.02957276650282051,0.0,0.0,0.0
8426.431194399418,8426.431194399418,8426.431194399418,8426.431194399418,0.0,0.0,0.02957276650282051,0.0,0.0,0.0
8426.436194399417,8426.436194399417,8426.436194399417,8426.436194399417,0.0,0.0,0.02957276650282051,0.0,0.0,0.0
8426.441194399416,8426.441194399416,8426.441194399416,8426.441194399416,0.1835998762659288,0.0,0.0458999690664822,0.0,0.0,0.0
8426.446194399416,8426.446194399416,8426.446194399416,8426.446194399416,0.0,0.0,0.0458999690664822,0.0,0.0,0.0
8426.451194399415,8426.451194399415,8426.451194399415,8426.451194399415,0.0,0.0,0.0458999690664822,0.0,0.0,0.0
8426.456194399414,8426.456194399414,8426.456194399414,8426.456194399414,0.0,0.0,0.0458999690664822,0.0,0.0,0.0
8426.461194399413,8426.461194399413,8426.461194399413,8426.461194399413,0.0,0.0,0.0458999690664822,0.0,0.0,0.0
8426.466194399412,8426.466194399412,8426.466194399412,8426.466194399412,0.0,0.0,0.0458999690664822,0.0,0.0,0.0
8426.471194399412,8426.471194399412,8426.471194399412,8426.471194399412,0.0,0.0,0.0458999690664822,0.0,0.0,0.0
8426.47619439941,8426.47619439941,8426.47619439941,8426.47619439941,0.0,0.0,0.0458999690664822,0.0,0.0,0.0
8426.48119439941,8426.48119439941,8426.48119439941,8426.48119439941,0.0,0.0,0.0458999690664822,0.0,0.0,0.0
8426.48619439941,8426.48619439941,8426.48619439941,8426.48619439941,0.0,0.0,0.0458999690664822,0.0,0.0,0.0
8426.491194399408,8426.491194399408,8426.491194399408,8426.491194399408,0.0,0.0,0.0458999690664822,0.0,0.0,0.0
8426.496194399408,8426.496194399408,8426.496194399408,8426.496194399408,-0.06908901155124864,0.0,0.049042205090356186,0.0,0.0,0.0
8426.501194399407,8426.501194399407,8426.501194399407,8426.501194399407,0.0,0.0,0.049042205090356186,0.0,0.0,0.0
8426.506194399406,8426.506194399406,8426.506194399406,8426.506194399406,0.0,0.0,0.049042205090356186,0.0,0.0,0.0
8426.511194399405,8426.511194399405,8426.511194399405,8426.511194399405,0.0,0.0,0.049042205090356186,0.0,0.0,0.0
8426.516194399404,8426.516194399404,8426.516194399404,8426.516194399404,0.0,0.0,0.049042205090356186,0.0,0.0,0.0
8426.521194399404,8426.521194399404,8426.521194399404,8426.521194399404,0.0,0.0,0.01727225288781216,0.0,0.0,0.0
8426.526194399403,8426.526194399403,8426.526194399403,8426.526194399403,0.0,0.0,0.01727225288781216,0.0,0.0,0.0
8426.531194399402,8426.531194399402,8426.531194399402,8426.531194399402,0.0,0.0,0.01727225288781216,0.0,0.0,0.0
8426.536194399401,8426.536194399401,8426.536194399401,8426.536194399401,0.0,0.0,0.01727225288781216,0.0,0.0,0.0
