timestamp,session_elapsed_s,perf_counter,force_raw,force_rms
1778798182.3852136,0.205936100001054,14802.5522402,0.0,0.0
1778798182.3926532,0.21093610000025365,14802.5572402,0.0,0.0
1778798182.3961363,0.2159360999994533,14802.562240199999,0.0,0.0
1778798182.400352,0.22093609999865294,14802.567240199998,0.0,0.0
1778798182.4058323,0.22593609999785258,14802.572240199997,0.0,0.0
1778798182.4107213,0.23093609999705222,14802.577240199997,0.0,0.0
1778798182.415616,0.23593609999625187,14802.582240199996,0.0,0.0
1778798182.42063,0.2409360999954515,14802.587240199995,0.0,0.0
1778798182.4256048,0.24593609999465116,14802.592240199994,0.0,0.0
1778798182.430667,0.2509360999938508,14802.597240199993,0.0,0.0
1778798182.43545,0.25593609999305045,14802.602240199993,0.0,0.0
1778798182.4409153,0.2609360999922501,14802.607240199992,0.0,0.0
1778798182.445661,0.26593609999144974,14802.612240199991,0.0,0.0
1778798182.4504356,0.2709360999906494,14802.61724019999,0.0,0.0
1778798182.4556704,0.275936099989849,14802.62224019999,0.0,0.0
1778798182.4605415,0.28093609998904867,14802.627240199989,0.0,0.0
1778798182.4654684,0.2859360999882483,14802.632240199988,0.0,0.0
1778798182.4704592,0.29093609998744796,14802.637240199987,0.0,0.0
1778798182.4759016,0.2959360999866476,14802.642240199986,0.0,0.0
1778798182.480335,0.30093609998584725,14802.647240199985,0.0,0.0
1778798182.4856453,0.3059360999850469,14802.652240199985,0.0,0.0
1778798182.4906425,0.31093609998424654,14802.657240199984,0.0,0.0
1778798182.495426,0.3159360999834462,14802.662240199983,0.0,0.0
1778798182.5010033,0.32093609998264583,14802.667240199982,0.0,0.0
1778798182.5053887,0.3259360999818455,14802.672240199981,0.0,0.0
1778798182.5103762,0.3309360999810451,14802.67724019998,0.0,0.0
1778798182.5154004,0.33593609998024476,14802.68224019998,0.0,0.0
1778798182.5209606,0.3409360999794444,14802.687240199979,0.0,0.0
1778798182.5253534,0.34593609997864405,14802.692240199978,0.0,0.0
1778798182.530533,0.3509360999778437,14802.697240199977,0.0,0.0
1778798182.535805,0.35593609997704334,14802.702240199977,0.0,0.0
1778798182.540292,0.360936099976243,14802.707240199976,0.0,0.0
1778798182.5455847,0.36593609997544263,14802.712240199975,0.0,0.0
1778798182.5502384,0.3709360999746423,14802.717240199974,0.0,0.0
1778798182.5556731,0.3759360999738419,14802.722240199973,0.0,0.0
1778798182.5602448,0.38093609997304156,14802.727240199973,0.0,0.0
1778798182.565443,0.3859360999722412,14802.732240199972,0.0,0.0
1778798182.5706444,0.39093609997144085,14802.737240199971,0.0,0.0
1778798182.5756392,0.3959360999706405,14802.74224019997,0.0,0.0
1778798182.5805497,0.40093609996984014,14802.74724019997,0.0,0.0
1778798182.585825,0.4059360999690398,14802.752240199969,0.0,0.0
1778798182.590465,0.41093609996823943,14802.757240199968,0.0,0.0
1778798182.5955331,0.4159360999674391,14802.762240199967,0.0,0.0
1778798182.6004806,0.4209360999666387,14802.767240199966,0.0,0.0
1778798182.6057277,0.42593609996583837,14802.772240199965,0.0,0.0
1778798182.6103315,0.430936099965038,14802.777240199965,0.0,0.0
1778798182.6160088,0.43593609996423766,14802.782240199964,0.0,0.0
1778798182.6205215,0.4409360999634373,14802.787240199963,0.0,0.0
1778798182.6255658,0.44593609996263694,14802.792240199962,0.0,0.0
1778798182.6306133,0.4509360999618366,14802.797240199961,0.0,0.0
1778798182.6357412,0.45593609996103623,14802.80224019996,0.0,0.0
1778798182.6405215,0.4609360999602359,14802.80724019996,0.0,0.0
1778798182.6455095,0.4659360999594355,14802.812240199959,0.0,0.0
1778798182.6503358,0.47093609995863517,14802.817240199958,0.0,0.0
1778798182.655823,0.4759360999578348,14802.822240199957,0.0,0.0
1778798182.6605494,0.48093609995703446,14802.827240199957,0.0,0.0
1778798182.6656308,0.4859360999562341,14802.832240199956,0.0,0.0
1778798182.6702952,0.49093609995543375,14802.837240199955,0.0,0.0
1778798182.6754258,0.4959360999546334,14802.842240199954,0.0,0.0
1778798182.6811914,0.500936099953833,14802.847240199953,0.0,0.0
1778798182.6853175,0.5059360999530327,14802.852240199953,0.0,0.0
1778798182.690496,0.5109360999522323,14802.857240199952,0.0,0.0
1778798182.69552,0.515936099951432,14802.862240199951,0.0,0.0
1778798182.7007236,0.5209360999506316,14802.86724019995,0.0,0.0
1778798182.7053144,0.5259360999498313,14802.87224019995,0.0,0.0
1778798182.710901,0.5309360999490309,14802.877240199949,0.0,0.0
1778798182.7153082,0.5359360999482305,14802.882240199948,0.0,0.0
1778798182.7205539,0.5409360999474302,14802.887240199947,0.0,0.0
1778798182.7255347,0.5459360999466298,14802.892240199946,0.0,0.0
1778798182.7306144,0.5509360999458295,14802.897240199945,0.0,0.0
1778798182.7353134,0.5559360999450291,14802.902240199945,0.0,0.0
1778798182.7405493,0.5609360999442288,14802.907240199944,0.0,0.0
1778798182.7457361,0.5659360999434284,14802.912240199943,0.0,0.0
1778798182.7503479,0.5709360999426281,14802.917240199942,0.0,0.0
1778798182.7555165,0.5759360999418277,14802.922240199941,0.0,0.0
1778798182.7605846,0.5809360999410274,14802.92724019994,0.0,0.0
1778798182.7656224,0.585936099940227,14802.93224019994,0.0,0.0
1778798182.7702336,0.5909360999394266,14802.937240199939,0.0,0.0
1778798182.7753878,0.5959360999386263,14802.942240199938,0.0,0.0
1778798182.7805035,0.6009360999378259,14802.947240199937,0.0,0.0
1778798182.7856936,0.6059360999370256,14802.952240199937,0.0,0.0
1778798182.7906806,0.6109360999362252,14802.957240199936,0.0,0.0
1778798182.7956796,0.6159360999354249,14802.962240199935,0.0,0.0
1778798182.8008184,0.6209360999346245,14802.967240199934,0.0,0.0
1778798182.8056624,0.6259360999338242,14802.972240199933,0.0,0.0
1778798182.8107903,0.6309360999330238,14802.977240199933,0.0,0.0
1778798182.8156526,0.6359360999322234,14802.982240199932,0.0,0.0
1778798182.8210657,0.6409360999314231,14802.987240199931,0.0,0.0
1778798182.8254628,0.6459360999306227,14802.99224019993,0.0,0.0
1778798182.830442,0.6509360999298224,14802.99724019993,0.0,0.0
1778798182.8355136,0.655936099929022,14803.002240199929,0.0,0.0
1778798182.840825,0.6609360999282217,14803.007240199928,0.0,0.0
1778798182.8455153,0.6659360999274213,14803.012240199927,0.0,0.0
1778798182.850573,0.670936099926621,14803.017240199926,0.0,0.0
1778798182.8554258,0.6759360999258206,14803.022240199925,0.0,0.0
1778798182.8608315,0.6809360999250202,14803.027240199925,0.0,0.0
1778798182.8653455,0.6859360999242199,14803.032240199924,0.0,0.0
1778798182.8703477,0.6909360999234195,14803.037240199923,0.0,0.0
1778798182.8753965,0.6959360999226192,14803.042240199922,0.0,0.0
1778798182.8807454,0.7009360999218188,14803.047240199921,0.0,0.0
1778798182.8860095,0.7059360999210185,14803.05224019992,0.0,0.0
1778798182.8902712,0.7109360999202181,14803.05724019992,0.0,0.0
1778798182.8954914,0.7159360999194178,14803.062240199919,0.0,0.0
1778798182.9003239,0.7209360999186174,14803.067240199918,0.0,0.0
1778798182.905268,0.725936099917817,14803.072240199917,0.0,0.0
1778798182.910849,0.7309360999170167,14803.077240199917,0.0,0.0
1778798182.915338,0.7359360999162163,14803.082240199916,0.0,0.0
1778798182.9204223,0.740936099915416,14803.087240199915,0.0,0.0
1778798182.925611,0.7459360999146156,14803.092240199914,0.0,0.0
1778798182.931066,0.7509360999138153,14803.097240199913,0.0,0.0
1778798182.9355855,0.7559360999130149,14803.102240199913,0.0,0.0
1778798182.9402764,0.7609360999122146,14803.107240199912,0.0,0.0
1778798182.9456792,0.7659360999114142,14803.112240199911,0.0,0.0
1778798182.950461,0.7709360999106138,14803.11724019991,0.0,0.0
1778798182.9555225,0.7759360999098135,14803.12224019991,0.0,0.0
1778798182.9607372,0.7809360999090131,14803.127240199909,0.0,0.0
1778798182.9653912,0.7859360999082128,14803.132240199908,0.0,0.0
1778798182.9704819,0.7909360999074124,14803.137240199907,0.0,0.0
1778798182.975536,0.7959360999066121,14803.142240199906,0.0,0.0
1778798182.9806294,0.8009360999058117,14803.147240199905,0.0,0.0
1778798182.9857876,0.8059360999050114,14803.152240199905,0.0,0.0
1778798182.9909322,0.810936099904211,14803.157240199904,0.0,0.0
1778798182.995825,0.8159360999034106,14803.162240199903,0.0,0.0
1778798183.0005124,0.8209360999026103,14803.167240199902,0.0,0.0
1778798183.005607,0.8259360999018099,14803.172240199901,0.0,0.0
1778798183.010703,0.8309360999010096,14803.1772401999,0.0,0.0
1778798183.0153506,0.8359360999002092,14803.1822401999,0.0,0.0
1778798183.020504,0.8409360998994089,14803.187240199899,0.0,0.0
1778798183.025374,0.8459360998986085,14803.192240199898,0.0,0.0
1778798183.030467,0.8509360998978082,14803.197240199897,0.0,0.0
1778798183.0352404,0.8559360998970078,14803.202240199897,0.0,0.0
1778798183.040455,0.8609360998962075,14803.207240199896,0.0,0.0
1778798183.0456166,0.8659360998954071,14803.212240199895,0.0,0.0
1778798183.0505204,0.8709360998946067,14803.217240199894,0.0,0.0
1778798183.0555232,0.8759360998938064,14803.222240199893,0.0,0.0
1778798183.0605907,0.880936099893006,14803.227240199893,0.0,0.0
1778798183.0658803,0.8859360998922057,14803.232240199892,0.0,0.0
1778798183.0702572,0.8909360998914053,14803.237240199891,0.0,0.0
1778798183.0754898,0.895936099890605,14803.24224019989,0.0,0.0
1778798183.0807135,0.9009360998898046,14803.24724019989,0.0,0.0
1778798183.0855658,0.9059360998890043,14803.252240199889,0.0,0.0
1778798183.0907223,0.9109360998882039,14803.257240199888,0.0,0.0
1778798183.0954528,0.9159360998874035,14803.262240199887,0.0,0.0
1778798183.1002896,0.9209360998866032,14803.267240199886,0.0,0.0
1778798183.1054182,0.9259360998858028,14803.272240199885,0.0,0.0
1778798183.11069,0.9309360998850025,14803.277240199885,0.0,0.0
1778798183.115467,0.9359360998842021,14803.282240199884,0.0,0.0
1778798183.1206584,0.9409360998834018,14803.287240199883,0.0,0.0
1778798183.12567,0.9459360998826014,14803.292240199882,0.0,0.0
1778798183.1305532,0.9509360998818011,14803.297240199881,0.0,0.0
1778798183.1362462,0.9559360998810007,14803.30224019988,0.0,0.0
1778798183.140301,0.9609360998802003,14803.30724019988,0.0,0.0
1778798183.145504,0.9659360998794,14803.312240199879,0.0,0.0
1778798183.1505797,0.9709360998785996,14803.317240199878,0.0,0.0
1778798183.1556747,0.9759360998777993,14803.322240199877,0.0,0.0
1778798183.1603203,0.9809360998769989,14803.327240199877,0.0,0.0
1778798183.1655006,0.9859360998761986,14803.332240199876,0.0,0.0
1778798183.1704268,0.9909360998753982,14803.337240199875,0.0,0.0
1778798183.175531,0.9959360998745979,14803.342240199874,0.0,0.0
1778798183.1806073,1.0009360998737975,14803.347240199873,0.0,0.0
1778798183.1854389,1.0059360998729971,14803.352240199873,0.0,0.0
1778798183.1911893,1.0109360998721968,14803.357240199872,0.0,0.0
1778798183.1957276,1.0159360998713964,14803.362240199871,0.0,0.0
1778798183.200431,1.020936099870596,14803.36724019987,0.0,0.0
1778798183.2056928,1.0259360998697957,14803.37224019987,0.0,0.0
1778798183.2107031,1.0309360998689954,14803.377240199869,0.0,0.0
1778798183.215379,1.035936099868195,14803.382240199868,0.0,0.0
1778798183.2209435,1.0409360998673947,14803.387240199867,0.0,0.0
1778798183.225696,1.0459360998665943,14803.392240199866,0.0,0.0
1778798183.230417,1.050936099865794,14803.397240199865,0.0,0.0
1778798183.2356942,1.0559360998649936,14803.402240199865,0.0,0.0
1778798183.2403295,1.0609360998641932,14803.407240199864,0.0,0.0
1778798183.2457218,1.0659360998633929,14803.412240199863,0.0,0.0
1778798183.2503128,1.0709360998625925,14803.417240199862,0.0,0.0
1778798183.2555602,1.0759360998617922,14803.422240199861,0.0,0.0
1778798183.2604306,1.0809360998609918,14803.42724019986,0.0,0.0
1778798183.2655096,1.0859360998601915,14803.43224019986,0.0,0.0
1778798183.2704265,1.090936099859391,14803.437240199859,0.0,0.0
1778798183.2756667,1.0959360998585908,14803.442240199858,0.0,0.0
1778798183.2809427,1.1009360998577904,14803.447240199857,0.0,0.0
1778798183.2855992,1.10593609985699,14803.452240199857,0.0,0.0
1778798183.2902725,1.1109360998561897,14803.457240199856,0.0,0.0
1778798183.2955124,1.1159360998553893,14803.462240199855,0.0,0.0
1778798183.300484,1.120936099854589,14803.467240199854,0.0,0.0
1778798183.3056133,1.1259360998537886,14803.472240199853,0.0,0.0
1778798183.310413,1.1309360998529883,14803.477240199853,0.0,0.0
1778798183.3153512,1.135936099852188,14803.482240199852,0.0,0.0
1778798183.3209095,1.1409360998513876,14803.487240199851,0.0,0.0
1778798183.3253553,1.1459360998505872,14803.49224019985,0.0,0.0
1778798183.330698,1.1509360998497868,14803.49724019985,0.0,0.0
1778798183.3358202,1.1559360998489865,14803.502240199849,0.0,0.0
1778798183.3404627,1.1609360998481861,14803.507240199848,0.0,0.0
1778798183.3458488,1.1659360998473858,14803.512240199847,0.0,0.0
1778798183.3506365,1.1709360998465854,14803.517240199846,0.0,0.0
1778798183.355785,1.175936099845785,14803.522240199845,0.0,0.0
1778798183.3602762,1.1809360998449847,14803.527240199845,0.0,0.0
1778798183.3658133,1.1859360998441844,14803.532240199844,0.0,0.0
1778798183.3708942,1.190936099843384,14803.537240199843,0.0,0.0
1778798183.375248,1.1959360998425836,14803.542240199842,0.0,0.0
1778798183.3802917,1.2009360998417833,14803.547240199841,0.0,0.0
1778798183.3857398,1.205936099840983,14803.55224019984,0.0,0.0
1778798183.390397,1.2109360998401826,14803.55724019984,0.0,0.0
1778798183.3953805,1.2159360998393822,14803.562240199839,0.0,0.0
1778798183.4003742,1.2209360998385819,14803.567240199838,0.0,0.0
1778798183.405792,1.2259360998377815,14803.572240199837,0.0,0.0
1778798183.4103868,1.2309360998369812,14803.577240199837,0.0,0.0
1778798183.4155266,1.2359360998361808,14803.582240199836,0.0,0.0
1778798183.4205844,1.2409360998353804,14803.587240199835,0.0,0.0
1778798183.425667,1.24593609983458,14803.592240199834,0.0,0.0
1778798183.4307303,1.2509360998337797,14803.597240199833,0.0,0.0
1778798183.4353771,1.2559360998329794,14803.602240199833,0.0,0.0
1778798183.4409492,1.260936099832179,14803.607240199832,0.0,0.0
1778798183.4455922,1.2659360998313787,14803.612240199831,0.0,0.0
1778798183.450351,1.2709360998305783,14803.61724019983,0.0,0.0
1778798183.455617,1.275936099829778,14803.62224019983,0.0,0.0
1778798183.4606166,1.2809360998289776,14803.627240199829,0.0,0.0
1778798183.465208,1.2859360998281772,14803.632240199828,0.0,0.0
1778798183.47033,1.290936099827377,14803.637240199827,0.0,0.0
1778798183.475785,1.2959360998265765,14803.642240199826,0.0,0.0
1778798183.4808693,1.3009360998257762,14803.647240199825,0.0,0.0
1778798183.485355,1.3059360998249758,14803.652240199825,0.0,0.0
1778798183.4905667,1.3109360998241755,14803.657240199824,0.0,0.0
1778798183.4954321,1.3159360998233751,14803.662240199823,0.0,0.0
1778798183.5011933,1.3209360998225748,14803.667240199822,0.0,0.0
1778798183.5053208,1.3259360998217744,14803.672240199821,0.0,0.0
1778798183.510313,1.330936099820974,14803.67724019982,0.0,0.0
1778798183.5154548,1.3359360998201737,14803.68224019982,0.0,0.0
1778798183.520761,1.3409360998193733,14803.687240199819,0.0,0.0
1778798183.5254815,1.345936099818573,14803.692240199818,0.0,0.0
1778798183.53055,1.3509360998177726,14803.697240199817,0.0,0.0
1778798183.5356245,1.3559360998169723,14803.702240199817,0.0,0.0
1778798183.5403285,1.360936099816172,14803.707240199816,0.0,0.0
1778798183.545328,1.3659360998153716,14803.712240199815,0.0,0.0
1778798183.5504014,1.3709360998145712,14803.717240199814,0.0,0.0
1778798183.5552437,1.3759360998137709,14803.722240199813,0.0,0.0
1778798183.560478,1.3809360998129705,14803.727240199813,0.0,0.0
1778798183.5654757,1.3859360998121701,14803.732240199812,0.0,0.0
1778798183.5702195,1.3909360998113698,14803.737240199811,0.0,0.0
1778798183.5755134,1.3959360998105694,14803.74224019981,0.0,0.0
1778798183.580513,1.400936099809769,14803.74724019981,0.0,0.0
1778798183.5853999,1.4059360998089687,14803.752240199809,0.0,0.0
1778798183.590776,1.4109360998081684,14803.757240199808,0.0,0.0
1778798183.5957909,1.415936099807368,14803.762240199807,0.0,0.0
1778798183.6003864,1.4209360998065677,14803.767240199806,0.0,0.0
1778798183.6055293,1.4259360998057673,14803.772240199805,0.0,0.0
1778798183.610774,1.430936099804967,14803.777240199805,0.0,0.0
1778798183.6155348,1.4359360998041666,14803.782240199804,0.0,0.0
1778798183.6206315,1.4409360998033662,14803.787240199803,0.0,0.0
1778798183.625233,1.4459360998025659,14803.792240199802,0.0,0.0
1778798183.6304464,1.4509360998017655,14803.797240199801,0.0,0.0
1778798183.635797,1.4559360998009652,14803.8022401998,0.0,0.0
1778798183.6403594,1.4609360998001648,14803.8072401998,0.0,0.0
1778798183.6454835,1.4659360997993645,14803.812240199799,0.0,0.0
1778798183.6506433,1.470936099798564,14803.817240199798,0.0,0.0
1778798183.6554606,1.4759360997977637,14803.822240199797,0.0,0.0
1778798183.6606953,1.4809360997969634,14803.827240199797,0.0,0.0
1778798183.6652777,1.485936099796163,14803.832240199796,0.0,0.0
1778798183.6708276,1.4909360997953627,14803.837240199795,0.0,0.0
1778798183.6752732,1.4959360997945623,14803.842240199794,0.0,0.0
1778798183.6806269,1.500936099793762,14803.847240199793,0.0,0.0
1778798183.6852033,1.5059360997929616,14803.852240199793,0.0,0.0
1778798183.69055,1.5109360997921613,14803.857240199792,0.0,0.0
1778798183.69532,1.515936099791361,14803.86224019979,0.0,0.0
1778798183.7003198,1.5209360997905605,14803.86724019979,0.0,0.0
1778798183.7052813,1.5259360997897602,14803.87224019979,0.0,0.0
1778798183.7106059,1.5309360997889598,14803.877240199789,0.0,0.0
1778798183.7156644,1.5359360997881595,14803.882240199788,0.0,0.0
1778798183.720315,1.5409360997873591,14803.887240199787,0.0,0.0
1778798183.7255228,1.5459360997865588,14803.892240199786,0.0,0.0
1778798183.7307847,1.5509360997857584,14803.897240199785,0.0,0.0
1778798183.7359612,1.555936099784958,14803.902240199785,0.0,0.0
1778798183.7406034,1.5609360997841577,14803.907240199784,0.0,0.0
1778798183.7453468,1.5659360997833573,14803.912240199783,0.0,0.0
1778798183.7506967,1.570936099782557,14803.917240199782,0.0,0.0
1778798183.755438,1.5759360997817566,14803.922240199781,0.0,0.0
1778798183.7609165,1.5809360997809563,14803.92724019978,0.0,0.0
1778798183.7654812,1.585936099780156,14803.93224019978,0.0,0.0
1778798183.770457,1.5909360997793556,14803.937240199779,0.0,0.0
1778798183.7757053,1.5959360997785552,14803.942240199778,0.0,0.0
1778798183.7803445,1.6009360997777549,14803.947240199777,0.0,0.0
1778798183.7864504,1.6059360997769545,14803.952240199776,0.0,0.0
1778798183.7907283,1.6109360997761542,14803.957240199776,0.0,0.0
1778798183.7954516,1.6159360997753538,14803.962240199775,0.0,0.0
1778798183.8005648,1.6209360997745534,14803.967240199774,0.0,0.0
1778798183.8056164,1.625936099773753,14803.972240199773,0.0,0.0
1778798183.8106642,1.6309360997729527,14803.977240199772,0.0,0.0
1778798183.815738,1.6359360997721524,14803.982240199772,0.0,0.0
1778798183.8208735,1.640936099771352,14803.98724019977,0.0,0.0
1778798183.8252156,1.6459360997705517,14803.99224019977,0.0,0.0
1778798183.8303573,1.6509360997697513,14803.99724019977,0.0,0.0
1778798183.8354502,1.655936099768951,14804.002240199768,0.0,0.0
1778798183.8408003,1.6609360997681506,14804.007240199768,0.0,0.0
1778798183.8457627,1.6659360997673502,14804.012240199767,0.0,0.0
1778798183.850412,1.6709360997665499,14804.017240199766,0.0,0.0
1778798183.8553433,1.6759360997657495,14804.022240199765,0.0,0.0
1778798183.8608902,1.6809360997649492,14804.027240199764,0.0,0.0
1778798183.8656037,1.6859360997641488,14804.032240199764,0.0,0.0
1778798183.8708987,1.6909360997633485,14804.037240199763,0.0,0.0
1778798183.87578,1.695936099762548,14804.042240199762,0.0,0.0
1778798183.880508,1.7009360997617478,14804.047240199761,0.0,0.0
1778798183.8855505,1.7059360997609474,14804.05224019976,0.0,0.0
1778798183.8902674,1.710936099760147,14804.05724019976,0.0,0.0
1778798183.8957188,1.7159360997593467,14804.062240199759,0.0,0.0
1778798183.900302,1.7209360997585463,14804.067240199758,0.0,0.0
1778798183.9056816,1.725936099757746,14804.072240199757,0.0,0.0
1778798183.910327,1.7309360997569456,14804.077240199756,0.0,0.0
1778798183.9155703,1.7359360997561453,14804.082240199756,0.0,0.0
1778798183.9202862,1.740936099755345,14804.087240199755,0.0,0.0
1778798183.9255953,1.7459360997545446,14804.092240199754,0.0,0.0
1778798183.9305317,1.7509360997537442,14804.097240199753,0.0,0.0
1778798183.935697,1.7559360997529438,14804.102240199752,0.0,0.0
1778798183.940753,1.7609360997521435,14804.107240199752,0.0,0.0
1778798183.9454482,1.7659360997513431,14804.11224019975,0.0,0.0
1778798183.9505403,1.7709360997505428,14804.11724019975,0.0,0.0
1778798183.955629,1.7759360997497424,14804.12224019975,0.0,0.0
1778798183.9608002,1.780936099748942,14804.127240199748,0.0,0.0
1778798183.9654832,1.7859360997481417,14804.132240199748,0.0,0.0
1778798183.9705148,1.7909360997473414,14804.137240199747,0.0,0.0
1778798183.9756126,1.795936099746541,14804.142240199746,0.0,0.0
1778798183.9806392,1.8009360997457406,14804.147240199745,0.0,0.0
1778798183.985965,1.8059360997449403,14804.152240199744,0.0,0.0
1778798183.991043,1.81093609974414,14804.157240199744,0.0,0.0
1778798183.9956388,1.8159360997433396,14804.162240199743,0.0,0.0
1778798184.0003846,1.8209360997425392,14804.167240199742,0.0,0.0
1778798184.005573,1.8259360997417389,14804.172240199741,0.0,0.0
1778798184.010611,1.8309360997409385,14804.17724019974,0.0,0.0
1778798184.0156405,1.8359360997401382,14804.18224019974,0.0,0.0
1778798184.0203059,1.8409360997393378,14804.187240199739,0.0,0.0
1778798184.0255542,1.8459360997385375,14804.192240199738,0.0,0.0
1778798184.0308645,1.850936099737737,14804.197240199737,0.0,0.0
1778798184.0355363,1.8559360997369367,14804.202240199736,0.0,0.0
1778798184.040781,1.8609360997361364,14804.207240199736,0.0,0.0
1778798184.0453558,1.865936099735336,14804.212240199735,0.0,0.0
1778798184.0507934,1.8709360997345357,14804.217240199734,0.0,0.0
1778798184.055669,1.8759360997337353,14804.222240199733,0.0,0.0
1778798184.0604804,1.880936099732935,14804.227240199732,0.0,0.0
1778798184.0655143,1.8859360997321346,14804.232240199732,0.0,0.0
1778798184.070567,1.8909360997313343,14804.23724019973,0.0,0.0
1778798184.0758762,1.895936099730534,14804.24224019973,0.0,0.0
1778798184.080823,1.9009360997297335,14804.24724019973,0.0,0.0
1778798184.0858917,1.9059360997289332,14804.252240199728,0.0,0.0
1778798184.0902872,1.9109360997281328,14804.257240199728,0.0,0.0
1778798184.095436,1.9159360997273325,14804.262240199727,0.0,0.0
1778798184.100503,1.9209360997265321,14804.267240199726,0.0,0.0
1778798184.1058977,1.9259360997257318,14804.272240199725,0.0,0.0
1778798184.110465,1.9309360997249314,14804.277240199724,0.0,0.0
1778798184.1156871,1.935936099724131,14804.282240199724,0.0,0.0
1778798184.1207652,1.9409360997233307,14804.287240199723,0.0,0.0
1778798184.125251,1.9459360997225303,14804.292240199722,0.0,0.0
1778798184.1306427,1.95093609972173,14804.297240199721,0.0,0.0
1778798184.1353052,1.9559360997209296,14804.30224019972,0.0,0.0
1778798184.1405902,1.9609360997201293,14804.30724019972,0.0,0.0
1778798184.145569,1.965936099719329,14804.312240199719,0.0,0.0
1778798184.1502347,1.9709360997185286,14804.317240199718,0.0,0.0
1778798184.1554368,1.9759360997177282,14804.322240199717,0.0,0.0
1778798184.1608815,1.9809360997169279,14804.327240199716,0.0,0.0
1778798184.1654701,1.9859360997161275,14804.332240199716,0.0,0.0
1778798184.1709676,1.9909360997153271,14804.337240199715,0.0,0.0
1778798184.17545,1.9959360997145268,14804.342240199714,0.0,0.0
1778798184.1802564,2.0009360997137264,14804.347240199713,0.0,0.0
1778798184.1854732,2.005936099712926,14804.352240199712,0.0,0.0
1778798184.190581,2.0109360997121257,14804.357240199712,0.0,0.0
1778798184.1952314,2.0159360997113254,14804.36224019971,0.0,0.0
1778798184.200393,2.020936099710525,14804.36724019971,0.0,0.0
1778798184.205578,2.0259360997097247,14804.37224019971,0.0,0.0
1778798184.2107131,2.0309360997089243,14804.377240199708,0.0,0.0
1778798184.2153666,2.035936099708124,14804.382240199708,0.0,0.0
1778798184.2209744,2.0409360997073236,14804.387240199707,0.0,0.0
1778798184.225739,2.0459360997065232,14804.392240199706,0.0,0.0
1778798184.2306821,2.050936099705723,14804.397240199705,0.0,0.0
1778798184.2353168,2.0559360997049225,14804.402240199704,0.0,0.0
1778798184.2404718,2.060936099704122,14804.407240199704,0.0,0.0
1778798184.2455204,2.065936099703322,14804.412240199703,0.0,0.0
1778798184.2505505,2.0709360997025215,14804.417240199702,0.0,0.0
1778798184.255905,2.075936099701721,14804.422240199701,0.0,0.0
1778798184.2602408,2.0809360997009207,14804.4272401997,0.0,0.0
1778798184.2656298,2.0859360997001204,14804.4322401997,0.0,0.0
1778798184.2707677,2.09093609969932,14804.437240199699,0.0,0.0
1778798184.2755318,2.0959360996985197,14804.442240199698,0.0,0.0
1778798184.2805734,2.1009360996977193,14804.447240199697,0.0,0.0
1778798184.285784,2.105936099696919,14804.452240199696,0.0,0.0
1778798184.29051,2.1109360996961186,14804.457240199696,0.0,0.0
1778798184.295447,2.1159360996953183,14804.462240199695,0.0,0.0
1778798184.300525,2.120936099694518,14804.467240199694,0.0,0.0
1778798184.3058171,2.1259360996937176,14804.472240199693,0.0,0.0
1778798184.3103094,2.130936099692917,14804.477240199692,0.0,0.0
1778798184.315356,2.135936099692117,14804.482240199692,0.0,0.0
1778798184.3204165,2.1409360996913165,14804.48724019969,0.0,0.0
1778798184.325475,2.145936099690516,14804.49224019969,0.0,0.0
1778798184.3306456,2.1509360996897158,14804.49724019969,0.0,0.0
1778798184.3356216,2.1559360996889154,14804.502240199688,0.0,0.0
1778798184.3402603,2.160936099688115,14804.507240199688,0.0,0.0
1778798184.3454242,2.1659360996873147,14804.512240199687,0.0,0.0
1778798184.3508105,2.1709360996865144,14804.517240199686,0.0,0.0
1778798184.3554409,2.175936099685714,14804.522240199685,0.0,0.0
1778798184.360866,2.1809360996849136,14804.527240199684,0.0,0.0
1778798184.3657122,2.1859360996841133,14804.532240199684,0.0,0.0
1778798184.371361,2.190936099683313,14804.537240199683,0.0,0.0
1778798184.3752804,2.1959360996825126,14804.542240199682,0.0,0.0
1778798184.3802977,2.200936099681712,14804.547240199681,0.0,0.0
1778798184.3853714,2.205936099680912,14804.55224019968,0.0,0.0
1778798184.3906603,2.2109360996801115,14804.55724019968,0.0,0.0
1778798184.3959413,2.215936099679311,14804.562240199679,0.0,0.0
1778798184.400402,2.220936099678511,14804.567240199678,0.0,0.0
1778798184.405583,2.2259360996777104,14804.572240199677,0.0,0.0
1778798184.4106884,2.23093609967691,14804.577240199676,0.0,0.0
1778798184.4153018,2.2359360996761097,14804.582240199676,0.0,0.0
1778798184.420606,2.2409360996753094,14804.587240199675,0.0,0.0
1778798184.4254909,2.245936099674509,14804.592240199674,0.0,0.0
1778798184.4306905,2.2509360996737087,14804.597240199673,0.0,0.0
1778798184.4353025,2.2559360996729083,14804.602240199672,0.0,0.0
1778798184.440337,2.260936099672108,14804.607240199672,0.0,0.0
1778798184.44526,2.2659360996713076,14804.61224019967,0.0,0.0
1778798184.4505403,2.2709360996705072,14804.61724019967,0.0,0.0
1778798184.4554296,2.275936099669707,14804.62224019967,0.0,0.0
1778798184.460455,2.2809360996689065,14804.627240199668,0.0,0.0
1778798184.4655433,2.285936099668106,14804.632240199668,0.0,0.0
1778798184.4706202,2.290936099667306,14804.637240199667,0.0,0.0
1778798184.4753938,2.2959360996665055,14804.642240199666,0.0,0.0
1778798184.4806793,2.300936099665705,14804.647240199665,0.0,0.0
1778798184.485664,2.3059360996649048,14804.652240199664,0.0,0.0
1778798184.4904547,2.3109360996641044,14804.657240199664,0.0,0.0
1778798184.4955068,2.315936099663304,14804.662240199663,0.0,0.0
1778798184.500354,2.3209360996625037,14804.667240199662,0.0,0.0
1778798184.505824,2.3259360996617033,14804.672240199661,0.0,0.0
1778798184.5106325,2.330936099660903,14804.67724019966,0.0,0.0
1778798184.5158439,2.3359360996601026,14804.68224019966,0.0,0.0
1778798184.5204897,2.3409360996593023,14804.687240199659,0.0,0.0
1778798184.5252864,2.345936099658502,14804.692240199658,0.0,0.0
1778798184.530657,2.3509360996577016,14804.697240199657,0.0,0.0
1778798184.5355585,2.355936099656901,14804.702240199656,0.0,0.0
1778798184.5405407,2.360936099656101,14804.707240199656,0.0,0.0
1778798184.5456393,2.3659360996553005,14804.712240199655,0.0,0.0
1778798184.5507762,2.3709360996545,14804.717240199654,0.0,0.0
1778798184.5554187,2.3759360996537,14804.722240199653,0.0,0.0
1778798184.5606635,2.3809360996528994,14804.727240199652,0.0,0.0
1778798184.5657365,2.385936099652099,14804.732240199652,0.0,0.0
1778798184.570429,2.3909360996512987,14804.73724019965,0.0,0.0
1778798184.5758598,2.3959360996504984,14804.74224019965,0.0,0.0
1778798184.580405,2.400936099649698,14804.74724019965,0.0,0.0
1778798184.5855207,2.4059360996488977,14804.752240199648,0.0,0.0
1778798184.5904691,2.4109360996480973,14804.757240199648,0.0,0.0
1778798184.5958319,2.415936099647297,14804.762240199647,0.0,0.0
1778798184.6008644,2.4209360996464966,14804.767240199646,0.0,0.0
1778798184.6053824,2.4259360996456962,14804.772240199645,0.0,0.0
1778798184.6106243,2.430936099644896,14804.777240199644,0.0,0.0
1778798184.615446,2.4359360996440955,14804.782240199644,0.0,0.0
1778798184.6205964,2.440936099643295,14804.787240199643,0.0,0.0
1778798184.6261792,2.445936099642495,14804.792240199642,0.0,0.0
1778798184.6306434,2.4509360996416945,14804.797240199641,0.0,0.0
1778798184.6352866,2.455936099640894,14804.80224019964,0.0,0.0
1778798184.6404254,2.4609360996400937,14804.80724019964,0.0,0.0
1778798184.6458697,2.4659360996392934,14804.812240199639,0.0,0.0
1778798184.6507401,2.470936099638493,14804.817240199638,0.0,0.0
1778798184.6553922,2.4759360996376927,14804.822240199637,0.0,0.0
1778798184.6605597,2.4809360996368923,14804.827240199636,0.0,0.0
1778798184.6654754,2.485936099636092,14804.832240199636,0.0,0.0
1778798184.670216,2.4909360996352916,14804.837240199635,0.0,0.0
1778798184.6753888,2.4959360996344913,14804.842240199634,0.0,0.0
1778798184.6807446,2.500936099633691,14804.847240199633,0.0,0.0
1778798184.6860828,2.5059360996328905,14804.852240199632,0.0,0.0
1778798184.6906087,2.51093609963209,14804.857240199632,0.0,0.0
1778798184.6955767,2.51593609963129,14804.86224019963,0.0,0.0
1778798184.7006974,2.5209360996304895,14804.86724019963,0.0,0.0
1778798184.7052517,2.525936099629689,14804.87224019963,0.0,0.0
1778798184.7106452,2.5309360996288888,14804.877240199628,0.0,0.0
1778798184.7155728,2.5359360996280884,14804.882240199628,0.0,0.0
1778798184.720246,2.540936099627288,14804.887240199627,0.0,0.0
1778798184.7258599,2.5459360996264877,14804.892240199626,0.0,0.0
1778798184.7302608,2.5509360996256873,14804.897240199625,0.0,0.0
1778798184.7357957,2.555936099624887,14804.902240199624,0.0,0.0
1778798184.7408576,2.5609360996240866,14804.907240199624,0.0,0.0
1778798184.7458408,2.5659360996232863,14804.912240199623,0.0,0.0
1778798184.7503488,2.570936099622486,14804.917240199622,0.0,0.0
1778798184.756108,2.5759360996216856,14804.922240199621,0.0,0.0
1778798184.7604206,2.580936099620885,14804.92724019962,0.0,0.0
1778798184.7657087,2.585936099620085,14804.93224019962,0.0,0.0
1778798184.7706337,2.5909360996192845,14804.937240199619,0.0,0.0
1778798184.7752998,2.595936099618484,14804.942240199618,0.0,0.0
1778798184.7806022,2.600936099617684,14804.947240199617,0.0,0.0
1778798184.7856848,2.6059360996168834,14804.952240199616,0.0,0.0
1778798184.7904012,2.610936099616083,14804.957240199616,0.0,0.0
1778798184.7959917,2.6159360996152827,14804.962240199615,0.0,0.0
1778798184.801094,2.6209360996144824,14804.967240199614,0.0,0.0
1778798184.8056982,2.625936099613682,14804.972240199613,0.0,0.0
1778798184.810428,2.6309360996128817,14804.977240199612,0.0,0.0
1778798184.8162463,2.6359360996120813,14804.982240199612,0.0,0.0
1778798184.8208232,2.640936099611281,14804.98724019961,0.0,0.0
1778798184.8255045,2.6459360996104806,14804.99224019961,0.0,0.0
1778798184.8306937,2.6509360996096802,14804.99724019961,0.0,0.0
1778798184.835555,2.65593609960888,14805.002240199608,0.0,0.0
1778798184.840847,2.6609360996080795,14805.007240199608,0.0,0.0
1778798184.8457022,2.665936099607279,14805.012240199607,0.0,0.0
1778798184.8504305,2.670936099606479,14805.017240199606,0.0,0.0
1778798184.8555503,2.6759360996056785,14805.022240199605,0.0,0.0
1778798184.860262,2.680936099604878,14805.027240199604,0.0,0.0
1778798184.8657296,2.6859360996040778,14805.032240199604,0.0,0.0
1778798184.870567,2.6909360996032774,14805.037240199603,0.0,0.0
1778798184.8754685,2.695936099602477,14805.042240199602,0.0,0.0
1778798184.8806581,2.7009360996016767,14805.047240199601,0.0,0.0
1778798184.88585,2.7059360996008763,14805.0522401996,0.0,0.0
1778798184.8903337,2.710936099600076,14805.0572401996,0.0,0.0
1778798184.8959055,2.7159360995992756,14805.062240199599,0.0,0.0
1778798184.9004946,2.7209360995984753,14805.067240199598,0.0,0.0
1778798184.9055634,2.725936099597675,14805.072240199597,0.0,0.0
1778798184.911068,2.7309360995968746,14805.077240199596,0.0,0.0
1778798184.9155884,2.735936099596074,14805.082240199596,0.0,0.0
1778798184.920667,2.740936099595274,14805.087240199595,0.0,0.0
1778798184.9260805,2.7459360995944735,14805.092240199594,0.0,0.0
1778798184.9305058,2.750936099593673,14805.097240199593,0.0,0.0
1778798184.9357536,2.755936099592873,14805.102240199592,0.0,0.0
1778798184.9402487,2.7609360995920724,14805.107240199592,0.0,0.0
1778798184.9453192,2.765936099591272,14805.11224019959,0.0,0.0
1778798184.9505856,2.7709360995904717,14805.11724019959,0.0,0.0
1778798184.9559588,2.7759360995896714,14805.12224019959,0.0,0.0
1778798184.9604647,2.780936099588871,14805.127240199588,0.0,0.0
1778798184.9654233,2.7859360995880706,14805.132240199588,0.0,0.0
1778798184.9707608,2.7909360995872703,14805.137240199587,0.0,0.0
1778798184.9756002,2.79593609958647,14805.142240199586,0.0,0.0
1778798184.9806552,2.8009360995856696,14805.147240199585,0.0,0.0
1778798184.9852245,2.8059360995848692,14805.152240199584,0.0,0.0
1778798184.990365,2.810936099584069,14805.157240199584,0.0,0.0
1778798184.9956074,2.8159360995832685,14805.162240199583,0.0,0.0
1778798185.0007832,2.820936099582468,14805.167240199582,0.0,0.0
1778798185.005265,2.825936099581668,14805.172240199581,0.0,0.0
1778798185.010359,2.8309360995808674,14805.17724019958,0.0,0.0
1778798185.0155208,2.835936099580067,14805.18224019958,0.0,0.0
1778798185.0204673,2.8409360995792667,14805.187240199579,0.0,0.0
1778798185.0256336,2.8459360995784664,14805.192240199578,0.0,0.0
1778798185.0308523,2.850936099577666,14805.197240199577,0.0,0.0
1778798185.0355942,2.8559360995768657,14805.202240199576,0.0,0.0
1778798185.0407088,2.8609360995760653,14805.207240199576,0.0,0.0
1778798185.045393,2.865936099575265,14805.212240199575,0.0,0.0
1778798185.050967,2.8709360995744646,14805.217240199574,0.0,0.0
1778798185.0558932,2.8759360995736643,14805.222240199573,0.0,0.0
1778798185.0604236,2.880936099572864,14805.227240199572,0.0,0.0
1778798185.065624,2.8859360995720635,14805.232240199572,0.0,0.0
1778798185.0705602,2.890936099571263,14805.23724019957,0.0,0.0
1778798185.0757024,2.895936099570463,14805.24224019957,0.0,0.0
1778798185.0811305,2.9009360995696625,14805.24724019957,0.0,0.0
1778798185.085357,2.905936099568862,14805.252240199568,0.0,0.0
1778798185.090621,2.9109360995680618,14805.257240199568,0.0,0.0
1778798185.0957572,2.9159360995672614,14805.262240199567,0.0,0.0
1778798185.100544,2.920936099566461,14805.267240199566,0.0,0.0
1778798185.1053975,2.9259360995656607,14805.272240199565,0.0,0.0
1778798185.1105988,2.9309360995648603,14805.277240199564,0.0,0.0
1778798185.1154313,2.93593609956406,14805.282240199564,0.0,0.0
1778798185.1204782,2.9409360995632596,14805.287240199563,0.0,0.0
1778798185.1254761,2.9459360995624593,14805.292240199562,0.0,0.0
1778798185.1307635,2.950936099561659,14805.297240199561,0.0,0.0
1778798185.135256,2.9559360995608586,14805.30224019956,0.0,0.0
1778798185.1406372,2.960936099560058,14805.30724019956,0.0,0.0
1778798185.1455672,2.965936099559258,14805.312240199559,0.0,0.0
1778798185.1514342,2.9709360995584575,14805.317240199558,0.0,0.0
1778798185.1555111,2.975936099557657,14805.322240199557,0.0,0.0
1778798185.1603415,2.980936099556857,14805.327240199556,0.0,0.0
1778798185.1654062,2.9859360995560564,14805.332240199556,0.0,0.0
1778798185.1704762,2.990936099555256,14805.337240199555,0.0,0.0
1778798185.1753013,2.9959360995544557,14805.342240199554,0.0,0.0
1778798185.1805682,3.0009360995536554,14805.347240199553,0.0,0.0
1778798185.185725,3.005936099552855,14805.352240199552,0.0,0.0
1778798185.1903398,3.0109360995520547,14805.357240199552,0.0,0.0
1778798185.1953235,3.0159360995512543,14805.36224019955,0.0,0.0
1778798185.2004964,3.020936099550454,14805.36724019955,0.0,0.0
1778798185.2057128,3.0259360995496536,14805.37224019955,0.0,0.0
1778798185.2104402,3.0309360995488532,14805.377240199548,0.0,0.0
1778798185.215227,3.035936099548053,14805.382240199548,0.0,0.0
1778798185.2204158,3.0409360995472525,14805.387240199547,0.0,0.0
1778798185.2256372,3.045936099546452,14805.392240199546,0.0,0.0
1778798185.2304614,3.050936099545652,14805.397240199545,0.0,0.0
1778798185.2357452,3.0559360995448515,14805.402240199544,0.0,0.0
1778798185.2405126,3.060936099544051,14805.407240199544,0.0,0.0
1778798185.2454612,3.0659360995432507,14805.412240199543,0.0,0.0
1778798185.250871,3.0709360995424504,14805.417240199542,0.0,0.0
1778798185.2558787,3.07593609954165,14805.422240199541,0.0,0.0
1778798185.260281,3.0809360995408497,14805.42724019954,0.0,0.0
1778798185.2653425,3.0859360995400493,14805.43224019954,0.0,0.0
1778798185.2706957,3.090936099539249,14805.437240199539,0.0,0.0
1778798185.2755187,3.0959360995384486,14805.442240199538,0.0,0.0
1778798185.280997,3.1009360995376483,14805.447240199537,0.0,0.0
1778798185.2852473,3.105936099536848,14805.452240199536,0.0,0.0
1778798185.290381,3.1109360995360475,14805.457240199536,0.0,0.0
1778798185.2956285,3.115936099535247,14805.462240199535,0.0,0.0
1778798185.3005276,3.120936099534447,14805.467240199534,0.0,0.0
1778798185.3057942,3.1259360995336465,14805.472240199533,0.0,0.0
1778798185.3107934,3.130936099532846,14805.477240199532,0.0,0.0
1778798185.316075,3.1359360995320458,14805.482240199532,0.0,0.0
1778798185.3205876,3.1409360995312454,14805.48724019953,0.0,0.0
1778798185.32572,3.145936099530445,14805.49224019953,0.0,0.0
1778798185.330521,3.1509360995296447,14805.49724019953,0.0,0.0
1778798185.3353865,3.1559360995288444,14805.502240199528,0.0,0.0
1778798185.3406293,3.160936099528044,14805.507240199528,0.0,0.0
1778798185.3452065,3.1659360995272436,14805.512240199527,0.0,0.0
1778798185.350378,3.1709360995264433,14805.517240199526,0.0,0.0
1778798185.3554573,3.175936099525643,14805.522240199525,0.0,0.0
1778798185.3605993,3.1809360995248426,14805.527240199524,0.0,0.0
1778798185.3655977,3.185936099524042,14805.532240199524,0.0,0.0
1778798185.3704371,3.190936099523242,14805.537240199523,0.0,0.0
1778798185.3757267,3.1959360995224415,14805.542240199522,0.0,0.0
1778798185.3807633,3.200936099521641,14805.547240199521,0.0,0.0
1778798185.3854165,3.205936099520841,14805.55224019952,0.0,0.0
1778798185.390874,3.2109360995200404,14805.55724019952,0.0,0.0
1778798185.3952703,3.21593609951924,14805.562240199519,0.0,0.0
1778798185.4009147,3.2209360995184397,14805.567240199518,0.0,0.0
1778798185.4054685,3.2259360995176394,14805.572240199517,0.0,0.0
1778798185.4107175,3.230936099516839,14805.577240199516,0.0,0.0
1778798185.415308,3.2359360995160387,14805.582240199516,0.0,0.0
1778798185.4204886,3.2409360995152383,14805.587240199515,0.0,0.0
1778798185.4260414,3.245936099514438,14805.592240199514,0.0,0.0
1778798185.4302237,3.2509360995136376,14805.597240199513,0.0,0.0
1778798185.4355447,3.2559360995128372,14805.602240199512,0.0,0.0
1778798185.440945,3.260936099512037,14805.607240199512,0.0,0.0
1778798185.4454727,3.2659360995112365,14805.61224019951,0.0,0.0
1778798185.4506774,3.270936099510436,14805.61724019951,0.0,0.0
1778798185.4556866,3.275936099509636,14805.62224019951,0.0,0.0
1778798185.4603457,3.2809360995088355,14805.627240199508,0.0,0.0
1778798185.4653816,3.285936099508035,14805.632240199508,0.0,0.0
1778798185.4705398,3.2909360995072348,14805.637240199507,0.0,0.0
1778798185.4756308,3.2959360995064344,14805.642240199506,0.0,0.0
1778798185.480598,3.300936099505634,14805.647240199505,0.0,0.0
1778798185.4854271,3.3059360995048337,14805.652240199504,0.0,0.0
1778798185.4906611,3.3109360995040333,14805.657240199504,0.0,0.0
1778798185.4959378,3.315936099503233,14805.662240199503,0.0,0.0
1778798185.5003393,3.3209360995024326,14805.667240199502,0.0,0.0
1778798185.5055976,3.3259360995016323,14805.672240199501,0.0,0.0
1778798185.5104399,3.330936099500832,14805.6772401995,0.0,0.0
1778798185.515781,3.3359360995000316,14805.6822401995,0.0,0.0
1778798185.5208845,3.340936099499231,14805.687240199499,0.0,0.0
1778798185.5252988,3.345936099498431,14805.692240199498,0.0,0.0
1778798185.5303664,3.3509360994976305,14805.697240199497,0.0,0.0
1778798185.5355294,3.35593609949683,14805.702240199496,0.0,0.0
1778798185.540359,3.36093609949603,14805.707240199496,0.0,0.0
1778798185.5452437,3.3659360994952294,14805.712240199495,0.0,0.0
1778798185.5505564,3.370936099494429,14805.717240199494,0.0,0.0
1778798185.5556147,3.3759360994936287,14805.722240199493,0.0,0.0
1778798185.5606706,3.3809360994928284,14805.727240199492,0.0,0.0
1778798185.5656767,3.385936099492028,14805.732240199492,0.0,0.0
1778798185.5705256,3.3909360994912277,14805.73724019949,0.0,0.0
1778798185.5757506,3.3959360994904273,14805.74224019949,0.0,0.0
1778798185.5813682,3.400936099489627,14805.74724019949,0.0,0.0
1778798185.585477,3.4059360994888266,14805.752240199488,0.0,0.0
1778798185.5909486,3.4109360994880262,14805.757240199488,0.0,0.0
1778798185.5953686,3.415936099487226,14805.762240199487,0.0,0.0
1778798185.6006665,3.4209360994864255,14805.767240199486,0.0,0.0
1778798185.6054063,3.425936099485625,14805.772240199485,0.0,0.0
1778798185.6105077,3.430936099484825,14805.777240199484,0.0,0.0
1778798185.6155574,3.4359360994840245,14805.782240199484,0.0,0.0
1778798185.6206813,3.440936099483224,14805.787240199483,0.0,0.0
1778798185.627257,3.4459360994824237,14805.792240199482,0.0,0.0
1778798185.63097,3.4509360994816234,14805.797240199481,0.0,0.0
1778798185.6354327,3.455936099480823,14805.80224019948,0.0,0.0
1778798185.640622,3.4609360994800227,14805.80724019948,0.0,0.0
1778798185.6459792,3.4659360994792223,14805.812240199479,0.0,0.0
1778798185.6508818,3.470936099478422,14805.817240199478,0.0,0.0
1778798185.6555276,3.4759360994776216,14805.822240199477,0.0,0.0
1778798185.6603773,3.4809360994768213,14805.827240199476,0.0,0.0
1778798185.6652684,3.485936099476021,14805.832240199476,0.0,0.0
1778798185.6706116,3.4909360994752205,14805.837240199475,0.0,0.0
1778798185.6754756,3.49593609947442,14805.842240199474,0.0,0.0
1778798185.6804342,3.50093609947362,14805.847240199473,0.0,0.0
1778798185.685614,3.5059360994728195,14805.852240199472,0.0,0.0
1778798185.6904418,3.510936099472019,14805.857240199472,0.0,0.0
1778798185.6956677,3.5159360994712188,14805.86224019947,0.0,0.0
1778798185.7004151,3.5209360994704184,14805.86724019947,0.0,0.0
1778798185.7056422,3.525936099469618,14805.87224019947,0.0,0.0
1778798185.710378,3.5309360994688177,14805.877240199468,0.0,0.0
1778798185.7158644,3.5359360994680173,14805.882240199468,0.0,0.0
1778798185.7206223,3.540936099467217,14805.887240199467,0.0,0.0
1778798185.72571,3.5459360994664166,14805.892240199466,0.0,0.0
1778798185.7313833,3.5509360994656163,14805.897240199465,0.0,0.0
1778798185.7352617,3.555936099464816,14805.902240199464,0.0,0.0
1778798185.7406237,3.5609360994640156,14805.907240199464,0.0,0.0
1778798185.745325,3.565936099463215,14805.912240199463,0.0,0.0
1778798185.7508147,3.570936099462415,14805.917240199462,0.0,0.0
1778798185.7555563,3.5759360994616145,14805.922240199461,0.0,0.0
1778798185.7607253,3.580936099460814,14805.92724019946,0.0,0.0
1778798185.7653697,3.585936099460014,14805.93224019946,0.0,0.0
1778798185.7706287,3.5909360994592134,14805.937240199459,0.0,0.0
1778798185.7755213,3.595936099458413,14805.942240199458,0.0,0.0
1778798185.7811646,3.6009360994576127,14805.947240199457,0.0,0.0
1778798185.7856584,3.6059360994568124,14805.952240199456,0.0,0.0
1778798185.790922,3.610936099456012,14805.957240199456,0.0,0.0
1778798185.7953866,3.6159360994552117,14805.962240199455,0.0,0.0
1778798185.800378,3.6209360994544113,14805.967240199454,0.0,0.0
1778798185.8053522,3.625936099453611,14805.972240199453,0.0,0.0
1778798185.810579,3.6309360994528106,14805.977240199452,0.0,0.0
1778798185.815712,3.6359360994520102,14805.982240199452,0.0,0.0
1778798185.8202572,3.64093609945121,14805.98724019945,0.0,0.0
1778798185.8255198,3.6459360994504095,14805.99224019945,0.0,0.0
1778798185.8304062,3.650936099449609,14805.99724019945,0.0,0.0
1778798185.8354912,3.655936099448809,14806.002240199448,0.0,0.0
1778798185.840743,3.6609360994480085,14806.007240199448,0.0,0.0
1778798185.8456306,3.665936099447208,14806.012240199447,0.0,0.0
1778798185.8502316,3.6709360994464078,14806.017240199446,0.0,0.0
1778798185.8556435,3.6759360994456074,14806.022240199445,0.0,0.0
1778798185.8609085,3.680936099444807,14806.027240199444,0.0,0.0
1778798185.8653364,3.6859360994440067,14806.032240199444,0.0,0.0
1778798185.8703883,3.6909360994432063,14806.037240199443,0.0,0.0
1778798185.8753886,3.695936099442406,14806.042240199442,0.0,0.0
1778798185.8805969,3.7009360994416056,14806.047240199441,0.0,0.0
1778798185.8853095,3.7059360994408053,14806.05224019944,0.0,0.0
1778798185.890562,3.710936099440005,14806.05724019944,0.0,0.0
1778798185.8960955,3.7159360994392046,14806.062240199439,0.0,0.0
1778798185.9004393,3.720936099438404,14806.067240199438,0.0,0.0
1778798185.9054325,3.725936099437604,14806.072240199437,0.0,0.0
1778798185.9102862,3.7309360994368035,14806.077240199436,0.0,0.0
1778798185.9156632,3.735936099436003,14806.082240199436,0.0,0.0
1778798185.9209077,3.7409360994352028,14806.087240199435,0.0,0.0
1778798185.925523,3.7459360994344024,14806.092240199434,0.0,0.0
1778798185.9307003,3.750936099433602,14806.097240199433,0.0,0.0
1778798185.9357052,3.7559360994328017,14806.102240199432,0.0,0.0
1778798185.940236,3.7609360994320014,14806.107240199432,0.0,0.0
1778798185.9456425,3.765936099431201,14806.11224019943,0.0,0.0
1778798185.9503953,3.7709360994304006,14806.11724019943,0.0,0.0
1778798185.9556625,3.7759360994296003,14806.12224019943,0.0,0.0
1778798185.9607656,3.7809360994288,14806.127240199428,0.0,0.0
1778798185.965746,3.7859360994279996,14806.132240199428,0.0,0.0
1778798185.9704986,3.7909360994271992,14806.137240199427,0.0,0.0
1778798185.97589,3.795936099426399,14806.142240199426,0.0,0.0
1778798185.9806168,3.8009360994255985,14806.147240199425,0.0,0.0
1778798185.9852471,3.805936099424798,14806.152240199424,0.0,0.0
1778798185.9905906,3.810936099423998,14806.157240199424,0.0,0.0
1778798185.9957116,3.8159360994231974,14806.162240199423,0.0,0.0
1778798186.0004919,3.820936099422397,14806.167240199422,0.0,0.0
1778798186.0057669,3.8259360994215967,14806.172240199421,0.0,0.0
1778798186.0106804,3.8309360994207964,14806.17724019942,0.0,0.0
1778798186.0156395,3.835936099419996,14806.18224019942,0.0,0.0
1778798186.0204935,3.8409360994191957,14806.187240199419,0.0,0.0
1778798186.0257974,3.8459360994183953,14806.192240199418,0.0,0.0
1778798186.0304377,3.850936099417595,14806.197240199417,0.0,0.0
1778798186.03531,3.8559360994167946,14806.202240199416,0.0,0.0
1778798186.0405042,3.8609360994159942,14806.207240199416,0.0,0.0
1778798186.0452292,3.865936099415194,14806.212240199415,0.0,0.0
1778798186.0504167,3.8709360994143935,14806.217240199414,0.0,0.0
1778798186.0555787,3.875936099413593,14806.222240199413,0.0,0.0
1778798186.0602467,3.880936099412793,14806.227240199412,0.0,0.0
1778798186.0653024,3.8859360994119925,14806.232240199412,0.0,0.0
1778798186.0707085,3.890936099411192,14806.23724019941,0.0,0.0
1778798186.0756512,3.8959360994103918,14806.24224019941,0.0,0.0
1778798186.0805542,3.9009360994095914,14806.24724019941,0.0,0.0
1778798186.0853965,3.905936099408791,14806.252240199408,0.0,0.0
1778798186.0905375,3.9109360994079907,14806.257240199408,0.0,0.0
1778798186.095728,3.9159360994071903,14806.262240199407,0.0,0.0
1778798186.1004677,3.92093609940639,14806.267240199406,0.0,0.0
1778798186.1056693,3.9259360994055896,14806.272240199405,0.0,0.0
1778798186.1104276,3.9309360994047893,14806.277240199404,0.0,0.0
1778798186.1154692,3.935936099403989,14806.282240199404,0.0,0.0
1778798186.1205952,3.9409360994031886,14806.287240199403,0.0,0.0
1778798186.1267462,3.945936099402388,14806.292240199402,0.0,0.0
1778798186.1307023,3.950936099401588,14806.297240199401,0.0,0.0
1778798186.1352692,3.9559360994007875,14806.3022401994,0.0,0.0
1778798186.1405087,3.960936099399987,14806.3072401994,0.0,0.0
1778798186.145977,3.965936099399187,14806.312240199399,0.0,0.0
1778798186.1505752,3.9709360993983864,14806.317240199398,0.0,0.0
1778798186.155743,3.975936099397586,14806.322240199397,0.0,0.0
1778798186.160316,3.9809360993967857,14806.327240199396,0.0,0.0
1778798186.1656358,3.9859360993959854,14806.332240199396,0.0,0.0
1778798186.1703477,3.990936099395185,14806.337240199395,0.0,0.0
1778798186.176279,3.9959360993943847,14806.342240199394,0.0,0.0
1778798186.180455,4.000936099393584,14806.347240199393,0.0,0.0
1778798186.1855264,4.005936099392784,14806.352240199392,0.0,0.0
1778798186.1907675,4.010936099391984,14806.357240199392,0.0,0.0
1778798186.1954103,4.015936099391183,14806.36224019939,0.0,0.0
1778798186.2006335,4.020936099390383,14806.36724019939,0.0,0.0
1778798186.2052598,4.0259360993895825,14806.37224019939,0.0,0.0
1778798186.2104287,4.030936099388782,14806.377240199388,0.0,0.0
1778798186.2155328,4.035936099387982,14806.382240199388,0.0,0.0
1778798186.220648,4.0409360993871815,14806.387240199387,0.0,0.0
1778798186.2259429,4.045936099386381,14806.392240199386,0.0,0.0
1778798186.230487,4.050936099385581,14806.397240199385,0.0,0.0
1778798186.2356732,4.05593609938478,14806.402240199384,0.0,0.0
1778798186.240634,4.06093609938398,14806.407240199384,0.0,0.0
1778798186.2453382,4.06593609938318,14806.412240199383,0.0,0.0
1778798186.250383,4.070936099382379,14806.417240199382,0.0,0.0
1778798186.2555952,4.075936099381579,14806.422240199381,0.0,0.0
1778798186.2603815,4.080936099380779,14806.42724019938,0.0,0.0
1778798186.2656207,4.085936099379978,14806.43224019938,0.0,0.0
1778798186.2706325,4.090936099379178,14806.437240199379,0.0,0.0
1778798186.2759953,4.0959360993783775,14806.442240199378,0.0,0.0
1778798186.2807093,4.100936099377577,14806.447240199377,0.0,0.0
1778798186.2852962,4.105936099376777,14806.452240199376,0.0,0.0
1778798186.2908661,4.1109360993759765,14806.457240199376,0.0,0.0
1778798186.2959647,4.115936099375176,14806.462240199375,0.0,0.0
1778798186.300374,4.120936099374376,14806.467240199374,0.0,0.0
1778798186.3054698,4.125936099373575,14806.472240199373,0.0,0.0
1778798186.3105257,4.130936099372775,14806.477240199372,0.0,0.0
1778798186.315687,4.135936099371975,14806.482240199372,0.0,0.0
1778798186.3208635,4.140936099371174,14806.48724019937,0.0,0.0
1778798186.3255243,4.145936099370374,14806.49224019937,0.0,0.0
1778798186.3306148,4.150936099369574,14806.49724019937,0.0,0.0
1778798186.3353424,4.155936099368773,14806.502240199368,0.0,0.0
1778798186.3406947,4.160936099367973,14806.507240199368,0.0,0.0
1778798186.3453364,4.165936099367173,14806.512240199367,0.0,0.0
1778798186.3506033,4.170936099366372,14806.517240199366,0.0,0.0
1778798186.355358,4.175936099365572,14806.522240199365,0.0,0.0
1778798186.360469,4.1809360993647715,14806.527240199364,0.0,0.0
1778798186.3656328,4.185936099363971,14806.532240199364,0.0,0.0
1778798186.3702116,4.190936099363171,14806.537240199363,0.0,0.0
1778798186.377793,4.19593609936237,14806.542240199362,0.0,0.0
1778798186.3803442,4.20093609936157,14806.547240199361,0.0,0.0
1778798186.3852384,4.20593609936077,14806.55224019936,0.0,0.0
1778798186.3905878,4.210936099359969,14806.55724019936,0.0,0.0
1778798186.395568,4.215936099359169,14806.562240199359,0.0,0.0
1778798186.4002624,4.220936099358369,14806.567240199358,0.0,0.0
1778798186.4052715,4.225936099357568,14806.572240199357,0.0,0.0
1778798186.4103749,4.230936099356768,14806.577240199356,0.0,0.0
1778798186.4154387,4.235936099355968,14806.582240199356,0.0,0.0
1778798186.4205441,4.240936099355167,14806.587240199355,0.0,0.0
1778798186.4252841,4.245936099354367,14806.592240199354,0.0,0.0
1778798186.430517,4.2509360993535665,14806.597240199353,0.0,0.0
1778798186.435643,4.255936099352766,14806.602240199352,0.0,0.0
1778798186.4406166,4.260936099351966,14806.607240199352,0.0,0.0
1778798186.4452636,4.2659360993511655,14806.61224019935,0.0,0.0
1778798186.450369,4.270936099350365,14806.61724019935,0.0,0.0
1778798186.455666,4.275936099349565,14806.62224019935,0.0,0.0
1778798186.4610436,4.280936099348764,14806.627240199348,0.0,0.0
1778798186.4655032,4.285936099347964,14806.632240199348,0.0,0.0
1778798186.4707282,4.290936099347164,14806.637240199347,0.0,0.0
1778798186.4755058,4.295936099346363,14806.642240199346,0.0,0.0
1778798186.4807587,4.300936099345563,14806.647240199345,0.0,0.0
1778798186.4859817,4.305936099344763,14806.652240199344,0.0,0.0
1778798186.4907455,4.310936099343962,14806.657240199344,0.0,0.0
1778798186.4959083,4.315936099343162,14806.662240199343,0.0,0.0
1778798186.5005133,4.320936099342362,14806.667240199342,0.0,0.0
1778798186.5053902,4.325936099341561,14806.672240199341,0.0,0.0
1778798186.5107117,4.330936099340761,14806.67724019934,0.0,0.0
1778798186.515605,4.3359360993399605,14806.68224019934,0.0,0.0
1778798186.5202918,4.34093609933916,14806.687240199339,0.0,0.0
1778798186.5265353,4.34593609933836,14806.692240199338,0.0,0.0
1778798186.5307684,4.350936099337559,14806.697240199337,0.0,0.0
1778798186.535396,4.355936099336759,14806.702240199336,0.0,0.0
1778798186.5407481,4.360936099335959,14806.707240199336,0.0,0.0
1778798186.545406,4.365936099335158,14806.712240199335,0.0,0.0
1778798186.5506005,4.370936099334358,14806.717240199334,0.0,0.0
1778798186.555945,4.375936099333558,14806.722240199333,0.0,0.0
1778798186.5607922,4.380936099332757,14806.727240199332,0.0,0.0
1778798186.5653858,4.385936099331957,14806.732240199331,0.0,0.0
1778798186.5705383,4.390936099331157,14806.73724019933,0.0,0.0
1778798186.5755048,4.395936099330356,14806.74224019933,0.0,0.0
1778798186.580465,4.400936099329556,14806.74724019933,0.0,0.0
1778798186.585778,4.4059360993287555,14806.752240199328,0.0,0.0
1778798186.5908697,4.410936099327955,14806.757240199327,0.0,0.0
1778798186.5957265,4.415936099327155,14806.762240199327,0.0,0.0
1778798186.6006465,4.4209360993263545,14806.767240199326,0.0,0.0
1778798186.6053202,4.425936099325554,14806.772240199325,0.0,0.0
1778798186.6102812,4.430936099324754,14806.777240199324,0.0,0.0
1778798186.6154792,4.435936099323953,14806.782240199323,0.0,0.0
1778798186.6207237,4.440936099323153,14806.787240199323,0.0,0.0
1778798186.6253715,4.445936099322353,14806.792240199322,0.0,0.0
1778798186.630641,4.450936099321552,14806.797240199321,0.0,0.0
1778798186.6358376,4.455936099320752,14806.80224019932,0.0,0.0
1778798186.6408563,4.460936099319952,14806.80724019932,0.0,0.0
1778798186.6454682,4.465936099319151,14806.812240199319,0.0,0.0
1778798186.6504054,4.470936099318351,14806.817240199318,0.0,0.0
1778798186.655568,4.4759360993175505,14806.822240199317,0.0,0.0
1778798186.6611948,4.48093609931675,14806.827240199316,0.0,0.0
1778798186.665255,4.48593609931595,14806.832240199315,0.0,0.0
1778798186.6702573,4.4909360993151495,14806.837240199315,0.0,0.0
1778798186.6754842,4.495936099314349,14806.842240199314,0.0,0.0
1778798186.6807065,4.500936099313549,14806.847240199313,0.0,0.0
1778798186.6855311,4.505936099312748,14806.852240199312,0.0,0.0
1778798186.6906614,4.510936099311948,14806.857240199311,0.0,0.0
1778798186.6954544,4.515936099311148,14806.86224019931,0.0,0.0
1778798186.7002513,4.520936099310347,14806.86724019931,0.0,0.0
1778798186.7055295,4.525936099309547,14806.872240199309,0.0,0.0
1778798186.7109017,4.530936099308747,14806.877240199308,0.0,0.0
1778798186.715604,4.535936099307946,14806.882240199307,0.0,0.0
1778798186.7207222,4.540936099307146,14806.887240199307,0.0,0.0
1778798186.7254214,4.545936099306346,14806.892240199306,0.0,0.0
1778798186.7304862,4.550936099305545,14806.897240199305,0.0,0.0
1778798186.735893,4.555936099304745,14806.902240199304,0.0,0.0
1778798186.7403975,4.5609360993039445,14806.907240199303,0.0,0.0
1778798186.7461805,4.565936099303144,14806.912240199303,0.0,0.0
1778798186.7503994,4.570936099302344,14806.917240199302,0.0,0.0
1778798186.7553022,4.575936099301543,14806.922240199301,0.0,0.0
1778798186.760433,4.580936099300743,14806.9272401993,0.0,0.0
1778798186.765554,4.585936099299943,14806.9322401993,0.0,0.0
1778798186.770479,4.590936099299142,14806.937240199299,0.0,0.0
1778798186.7756543,4.595936099298342,14806.942240199298,0.0,0.0
1778798186.7803452,4.600936099297542,14806.947240199297,0.0,0.0
1778798186.7855773,4.605936099296741,14806.952240199296,0.0,0.0
1778798186.790611,4.610936099295941,14806.957240199295,0.0,0.0
1778798186.7954955,4.615936099295141,14806.962240199295,0.0,0.0
1778798186.8005867,4.62093609929434,14806.967240199294,0.0,0.0
1778798186.8056235,4.62593609929354,14806.972240199293,0.0,0.0
1778798186.8115897,4.6309360992927395,14806.977240199292,0.0,0.0
1778798186.8156164,4.635936099291939,14806.982240199291,0.0,0.0
1778798186.8202112,4.640936099291139,14806.98724019929,0.0,0.0
1778798186.8253183,4.6459360992903385,14806.99224019929,0.0,0.0
1778798186.8305151,4.650936099289538,14806.997240199289,0.0,0.0
1778798186.8354356,4.655936099288738,14807.002240199288,0.0,0.0
1778798186.8406649,4.660936099287937,14807.007240199287,0.0,0.0
1778798186.8457663,4.665936099287137,14807.012240199287,0.0,0.0
1778798186.8502524,4.670936099286337,14807.017240199286,0.0,0.0
1778798186.8555381,4.675936099285536,14807.022240199285,0.0,0.0
1778798186.8610268,4.680936099284736,14807.027240199284,0.0,0.0
1778798186.8658102,4.685936099283936,14807.032240199283,0.0,0.0
1778798186.870473,4.690936099283135,14807.037240199283,0.0,0.0
1778798186.8756483,4.695936099282335,14807.042240199282,0.0,0.0
1778798186.8805335,4.7009360992815346,14807.047240199281,0.0,0.0
1778798186.8854496,4.705936099280734,14807.05224019928,0.0,0.0
1778798186.8907025,4.710936099279934,14807.05724019928,0.0,0.0
1778798186.8957865,4.7159360992791335,14807.062240199279,0.0,0.0
1778798186.9003396,4.720936099278333,14807.067240199278,0.0,0.0
1778798186.90599,4.725936099277533,14807.072240199277,0.0,0.0
1778798186.9109304,4.730936099276732,14807.077240199276,0.0,0.0
1778798186.9153123,4.735936099275932,14807.082240199275,0.0,0.0
1778798186.9204428,4.740936099275132,14807.087240199275,0.0,0.0
1778798186.9259698,4.745936099274331,14807.092240199274,0.0,0.0
1778798186.9306602,4.750936099273531,14807.097240199273,0.0,0.0
1778798186.9355679,4.755936099272731,14807.102240199272,0.0,0.0
1778798186.9406574,4.76093609927193,14807.107240199271,0.0,0.0
1778798186.945257,4.76593609927113,14807.11224019927,0.0,0.0
1778798186.9503105,4.77093609927033,14807.11724019927,0.0,0.0
1778798186.9556646,4.775936099269529,14807.122240199269,0.0,0.0
1778798186.960442,4.780936099268729,14807.127240199268,0.0,0.0
1778798186.965428,4.7859360992679285,14807.132240199267,0.0,0.0
1778798186.9706485,4.790936099267128,14807.137240199267,0.0,0.0
1778798186.9756405,4.795936099266328,14807.142240199266,0.0,0.0
1778798186.9803638,4.8009360992655274,14807.147240199265,0.0,0.0
1778798186.9856465,4.805936099264727,14807.152240199264,0.0,0.0
1778798186.9907036,4.810936099263927,14807.157240199263,0.0,0.0
1778798186.9958503,4.815936099263126,14807.162240199263,0.0,0.0
1778798187.0007868,4.820936099262326,14807.167240199262,0.0,0.0
1778798187.0053983,4.825936099261526,14807.172240199261,0.0,0.0
1778798187.0106194,4.830936099260725,14807.17724019926,0.0,0.0
1778798187.0153298,4.835936099259925,14807.18224019926,0.0,0.0
1778798187.0204072,4.840936099259125,14807.187240199259,0.0,0.0
1778798187.0257447,4.845936099258324,14807.192240199258,0.0,0.0
1778798187.030341,4.850936099257524,14807.197240199257,0.0,0.0
1778798187.0355165,4.8559360992567235,14807.202240199256,0.0,0.0
1778798187.0405684,4.860936099255923,14807.207240199255,0.0,0.0
1778798187.0456553,4.865936099255123,14807.212240199255,0.0,0.0
1778798187.0502186,4.8709360992543225,14807.217240199254,0.0,0.0
1778798187.055527,4.875936099253522,14807.222240199253,0.0,0.0
1778798187.0619383,4.880936099252722,14807.227240199252,0.0,0.0
1778798187.0656292,4.885936099251921,14807.232240199251,0.0,0.0
1778798187.0707064,4.890936099251121,14807.23724019925,0.0,0.0
1778798187.0759282,4.895936099250321,14807.24224019925,0.0,0.0
1778798187.0809062,4.90093609924952,14807.247240199249,0.0,0.0
1778798187.0856857,4.90593609924872,14807.252240199248,0.0,0.0
1778798187.090269,4.91093609924792,14807.257240199247,0.0,0.0
1778798187.0960543,4.915936099247119,14807.262240199247,0.0,0.0
1778798187.1007788,4.920936099246319,14807.267240199246,0.0,0.0
1778798187.1058104,4.925936099245519,14807.272240199245,0.0,0.0
1778798187.1104681,4.930936099244718,14807.277240199244,0.0,0.0
1778798187.1154466,4.935936099243918,14807.282240199243,0.0,0.0
1778798187.1205091,4.9409360992431175,14807.287240199243,0.0,0.0
1778798187.1253996,4.945936099242317,14807.292240199242,0.0,0.0
1778798187.1307008,4.950936099241517,14807.297240199241,0.0,0.0
1778798187.1352909,4.955936099240716,14807.30224019924,0.0,0.0
1778798187.1403453,4.960936099239916,14807.30724019924,0.0,0.0
1778798187.1455035,4.965936099239116,14807.312240199239,0.0,0.0
1778798187.150317,4.970936099238315,14807.317240199238,0.0,0.0
1778798187.155375,4.975936099237515,14807.322240199237,0.0,0.0
1778798187.1607068,4.980936099236715,14807.327240199236,0.0,0.0
1778798187.1654928,4.985936099235914,14807.332240199235,0.0,0.0
1778798187.1705916,4.990936099235114,14807.337240199235,0.0,0.0
1778798187.1752238,4.995936099234314,14807.342240199234,0.0,0.0
1778798187.1806858,5.000936099233513,14807.347240199233,0.0,0.0
1778798187.1854208,5.005936099232713,14807.352240199232,0.0,0.0
1778798187.1905692,5.0109360992319125,14807.357240199231,0.0,0.0
1778798187.1952946,5.015936099231112,14807.36224019923,0.0,0.0
1778798187.2006705,5.020936099230312,14807.36724019923,0.0,0.0
1778798187.2053998,5.0259360992295115,14807.372240199229,0.0,0.0
1778798187.2106886,5.030936099228711,14807.377240199228,0.0,0.0
1778798187.2155437,5.035936099227911,14807.382240199227,0.0,0.0
1778798187.2206295,5.04093609922711,14807.387240199227,0.0,0.0
1778798187.225284,5.04593609922631,14807.392240199226,0.0,0.0
1778798187.2308154,5.05093609922551,14807.397240199225,0.0,0.0
1778798187.2354012,5.055936099224709,14807.402240199224,0.0,0.0
1778798187.2407362,5.060936099223909,14807.407240199223,0.0,0.0
1778798187.2452726,5.065936099223109,14807.412240199223,0.0,0.0
1778798187.2505748,5.070936099222308,14807.417240199222,0.0,0.0
1778798187.2560732,5.075936099221508,14807.422240199221,0.0,0.0
1778798187.2602882,5.0809360992207075,14807.42724019922,0.0,0.0
1778798187.2656271,5.085936099219907,14807.43224019922,0.0,0.0
1778798187.2706544,5.090936099219107,14807.437240199219,0.0,0.0
1778798187.2763705,5.0959360992183065,14807.442240199218,0.0,0.0
1778798187.28053,5.100936099217506,14807.447240199217,0.0,0.0
1778798187.2855325,5.105936099216706,14807.452240199216,0.0,0.0
1778798187.29066,5.110936099215905,14807.457240199215,0.0,0.0
1778798187.2957814,5.115936099215105,14807.462240199215,0.0,0.0
1778798187.3003144,5.120936099214305,14807.467240199214,0.0,0.0
1778798187.305725,5.125936099213504,14807.472240199213,0.0,0.0
1778798187.3107574,5.130936099212704,14807.477240199212,0.0,0.0
1778798187.3154325,5.135936099211904,14807.482240199211,0.0,0.0
1778798187.3203332,5.140936099211103,14807.48724019921,0.0,0.0
1778798187.325834,5.145936099210303,14807.49224019921,0.0,0.0
1778798187.3306553,5.150936099209503,14807.497240199209,0.0,0.0
1778798187.335286,5.155936099208702,14807.502240199208,0.0,0.0
1778798187.3413668,5.160936099207902,14807.507240199207,0.0,0.0
1778798187.345337,5.1659360992071015,14807.512240199207,0.0,0.0
1778798187.3505695,5.170936099206301,14807.517240199206,0.0,0.0
1778798187.355499,5.175936099205501,14807.522240199205,0.0,0.0
1778798187.360248,5.1809360992047,14807.527240199204,0.0,0.0
1778798187.365615,5.1859360992039,14807.532240199203,0.0,0.0
1778798187.3710423,5.1909360992031,14807.537240199203,0.0,0.0
1778798187.3755083,5.195936099202299,14807.542240199202,0.0,0.0
1778798187.3807576,5.200936099201499,14807.547240199201,0.0,0.0
1778798187.3856454,5.205936099200699,14807.5522401992,0.0,0.0
1778798187.392167,5.210936099199898,14807.5572401992,0.0,0.0
1778798187.3955064,5.215936099199098,14807.562240199199,0.0,0.0
1778798187.4005399,5.220936099198298,14807.567240199198,0.0,0.0
1778798187.4056172,5.225936099197497,14807.572240199197,0.0,0.0
1778798187.4107032,5.230936099196697,14807.577240199196,0.0,0.0
1778798187.4153793,5.2359360991958965,14807.582240199195,0.0,0.0
1778798187.4204416,5.240936099195096,14807.587240199195,0.0,0.0
1778798187.425905,5.245936099194296,14807.592240199194,0.0,0.0
1778798187.4302733,5.2509360991934955,14807.597240199193,0.0,0.0
1778798187.4354124,5.255936099192695,14807.602240199192,0.0,0.0
1778798187.4412534,5.260936099191895,14807.607240199191,0.0,0.0
1778798187.445449,5.265936099191094,14807.61224019919,0.0,0.0
1778798187.4507258,5.270936099190294,14807.61724019919,0.0,0.0
1778798187.4556293,5.275936099189494,14807.622240199189,0.0,0.0
1778798187.4604375,5.280936099188693,14807.627240199188,0.0,0.0
1778798187.4654152,5.285936099187893,14807.632240199187,0.0,0.0
1778798187.470713,5.290936099187093,14807.637240199187,0.0,0.0
1778798187.475599,5.295936099186292,14807.642240199186,0.0,0.0
1778798187.4809191,5.300936099185492,14807.647240199185,0.0,0.0
1778798187.485706,5.305936099184692,14807.652240199184,0.0,0.0
1778798187.490714,5.310936099183891,14807.657240199183,0.0,0.0
1778798187.4957519,5.315936099183091,14807.662240199183,0.0,0.0
1778798187.5002637,5.3209360991822905,14807.667240199182,0.0,0.0
1778798187.505692,5.32593609918149,14807.672240199181,0.0,0.0
1778798187.510787,5.33093609918069,14807.67724019918,0.0,0.0
1778798187.5154958,5.335936099179889,14807.68224019918,0.0,0.0
1778798187.5206144,5.340936099179089,14807.687240199179,0.0,0.0
1778798187.525374,5.345936099178289,14807.692240199178,0.0,0.0
1778798187.5305786,5.350936099177488,14807.697240199177,0.0,0.0
1778798187.5352676,5.355936099176688,14807.702240199176,0.0,0.0
1778798187.5405915,5.360936099175888,14807.707240199175,0.0,0.0
1778798187.5454404,5.365936099175087,14807.712240199175,0.0,0.0
1778798187.5506892,5.370936099174287,14807.717240199174,0.0,0.0
1778798187.5553932,5.375936099173487,14807.722240199173,0.0,0.0
1778798187.5605628,5.380936099172686,14807.727240199172,0.0,0.0
1778798187.5656867,5.385936099171886,14807.732240199171,0.0,0.0
1778798187.5703535,5.3909360991710855,14807.73724019917,0.0,0.0
1778798187.5754166,5.395936099170285,14807.74224019917,0.0,0.0
1778798187.5805047,5.400936099169485,14807.747240199169,0.0,0.0
1778798187.5852451,5.4059360991686844,14807.752240199168,0.0,0.0
1778798187.5905077,5.410936099167884,14807.757240199167,0.0,0.0
1778798187.5956485,5.415936099167084,14807.762240199167,0.0,0.0
1778798187.6006274,5.420936099166283,14807.767240199166,0.0,0.0
1778798187.6052191,5.425936099165483,14807.772240199165,0.0,0.0
1778798187.610333,5.430936099164683,14807.777240199164,0.0,0.0
1778798187.615462,5.435936099163882,14807.782240199163,0.0,0.0
1778798187.620772,5.440936099163082,14807.787240199163,0.0,0.0
1778798187.7187042,5.445936099162282,14807.792240199162,0.0,0.0
1778798187.720158,5.540921300000264,14807.8872254,0.0,0.0
1778798187.7255273,5.545921299999463,14807.892225399999,0.0,0.0
