timestamp,session_elapsed_s,perf_counter,force_raw
1778585997.383232,-0.01379508399999807,22.033836166,0.60487191063013
1778585997.482344,0.09450770800000186,22.142138958,0.5261953219689869
1778585997.5979168,0.20356954100000024,22.251200791,0.44846456582572436
1778585997.916598,0.5225717500000009,22.570203,0.25178769568790205
1778585998.016557,0.6271752080000006,22.674806458,0.20251365885042275
1778585998.116482,0.7326300410000002,22.780261291,0.16188627527471441
1778585998.172097,0.7867240000000031,22.83435525,0.14462229863266524
1778585998.288726,0.8969367080000019,22.944567958,0.11673234675334535
1778585998.3447738,0.9519957080000019,22.999626958,0.10626233593789385
1778585998.445152,1.059397208,23.107028458,0.091759162746406
1778585998.616641,1.218825958,23.266457208,0.0817929755288627
1778585998.6563468,1.2727126660000003,23.320343916,0.0806202968088335
1778585998.7135282,1.3249849580000017,23.372616208,0.08012534866879165
1778585998.86867,1.4803960410000023,23.528027291,0.08
1778585999.023891,1.640482125000002,23.688113375,0.08
1778585999.0849018,1.6957012910000024,23.743332541,0.08
1778585999.356874,1.966980000000003,24.01461125,0.08
1778585999.415636,2.0201628750000005,24.067794125,0.08
1778585999.509002,2.1235515000000014,24.17118275,0.08
1778585999.565836,2.175272541000002,24.222903791,0.08
1778585999.667383,2.2830826250000023,24.330713875,0.08
1778585999.782229,2.3910422500000017,24.4386735,0.08
1778585999.938596,2.5503895000000014,24.59802075,0.08
1778585999.9920561,2.604726041000003,24.652357291,0.08
1778586000.101412,2.7140997080000027,24.761730958,0.08
1778586000.1595142,2.7670043750000026,24.814635625,0.08
1778586000.369365,2.980945666,25.028576916,0.08
1778586000.529152,3.143571166000001,25.191202416,0.08
1778586000.644852,3.2496644580000016,25.297295708,0.08
1778586000.740746,3.353909250000001,25.4015405,0.08
1778586001.01716,3.6204254580000033,25.668056708,0.08
1778586001.1697001,3.7796145830000007,25.827245833,0.08
1778586001.32438,3.9409427500000014,25.988574,0.08
1778586001.380924,3.992957833000002,26.040589083,0.08
1778586001.4415019,4.0431165,26.09074775,0.08
1778586001.482601,4.096619291000003,26.144250541,0.08
1778586001.541698,4.151147166000001,26.198778416,0.08
1778586001.759406,4.365994708000002,26.413625958,0.08
1778586001.8556201,4.472056500000001,26.51968775,0.08
1778586001.9092731,4.526318291000003,26.573949541,0.08
1778586002.127685,4.736973291000002,26.784604541,0.08
1778586002.183627,4.787665458000003,26.835296708,0.08
1778586002.2781382,4.8951409580000025,26.942772208,0.08
1778586002.549786,5.1627525,27.21038375,0.08
1778586002.706749,5.323852916,27.371484166,0.08
1778586002.766716,5.374831125,27.422462375,0.08
1778586002.8630662,5.476476250000001,27.5241075,0.08
1778586002.9238899,5.529459166000002,27.577090416,0.08
1778586003.0197601,5.635945083000003,27.683576333,0.08
1778586003.077416,5.690983458000002,27.738614708,0.08
1778586003.291142,5.905538833000001,27.953170083,0.08000194983394861
1778586003.3494122,5.960559791000001,28.008191041,0.08012246129984947
1778586003.45012,6.061558791000003,28.109190041,0.08162836472359775
1778586003.503913,6.116537583000003,28.164168833,0.0836830208814969
1778586003.559605,6.171315625000002,28.218946875,0.086951896924227
1778586003.620181,6.226336250000003,28.2739675,0.09172062177003794
1778586003.9335968,6.546097750000001,28.593729,0.15938541490882713
1778586004.25124,6.864769666000001,28.912400916,0.3074182321075297
1778586004.312373,6.918253583000002,28.965884833,0.3396489048004979
1778586004.520564,7.136141958000003,29.183773208,0.48631006716785924
1778586004.581297,7.187979916000003,29.235611166,0.523560701406172
1778586004.736865,7.347889333000001,29.395520583,0.639481369723428
1778586004.958136,7.559254583000001,29.606885833,0.7830197846845316
1778586004.9998138,7.612821625000002,29.660452875,0.8154740353649879
1778586005.0535429,7.6678636250000025,29.715494875,0.8465221059136547
1778586005.270602,7.88424625,29.9318775,0.9404031749162829
1778586005.328884,7.93488275,29.982514,0.954822990676597
1778586005.428145,8.041043250000001,30.0886745,0.9746532643597389
1778586005.64463,8.259458500000001,30.30708975,0.9691443668299139
1778586005.7022238,8.314490416000002,30.362121666,0.9579538236022187
1778586005.915434,8.52937425,30.5770055,0.8796981728793719
1778586006.0705862,8.687710458000002,30.735341708,0.7924007645967323
1778586006.187707,8.796058666,30.843689916,0.7221900817259349
1778586006.2873778,8.904446250000003,30.9520775,0.6464793364116677
1778586006.343955,8.959483833,31.007115083,0.6068229927064654
1778586006.399868,9.013032583000001,31.060663833,0.5679140545049883
1778586006.674428,9.282065541000001,31.329696791,0.379013121674399
1778586006.983212,9.599091000000001,31.64672225,0.20426679254707916
1778586007.039299,9.653974416,31.701605666,0.18188776556168917
1778586007.098339,9.707552875000001,31.755184125,0.16224834015853862
1778586007.315093,9.920883708000002,31.968514958,0.10748882452822778
1778586007.469742,10.077081332999999,32.124712583,0.0879907927133609
1778586007.573205,10.184028458000004,32.231659708,0.08213262549199687
1778586007.840582,10.448370999999998,32.49600225,0.08
1778586007.994638,10.609352416000004,32.656983666,0.08
1778586008.113251,10.71760875,32.76524,0.08
1778586008.2145941,10.826348708000001,32.873979958,0.08
1778586008.3741062,10.988289791000003,33.035921041,0.08
1778586008.4311612,11.039753999999999,33.08738525,0.08
1778586008.5864599,11.19611025,33.2437415,0.08
1778586008.7512589,11.358639458000003,33.406270708,0.08
1778586008.8071811,11.410020208000002,33.457651458,0.08
1778586008.904613,11.515968875000002,33.563600125,0.08
1778586009.1194398,11.730278416,33.777909666,0.08
1778586009.178103,11.785326874999999,33.832958125,0.08
1778586009.2791731,11.892925208000005,33.940556458,0.08
1778586009.451114,12.054411416000004,34.102042666,0.08
1778586009.5496042,12.163632041000003,34.211263291,0.08
1778586009.711257,12.322670583,34.370301833,0.08
1778586009.770423,12.374429416000002,34.422060666,0.08
1778586009.921352,12.536548708000002,34.584179958,0.08
1778586010.036599,12.646218958000002,34.693850208,0.08
1778586010.136703,12.752302582999999,34.799933833,0.08
1778586010.3497071,12.965982665999999,35.013613916,0.08
1778586010.407871,13.019100041000005,35.066731291,0.08
1778586010.567227,13.180912791,35.228544041,0.08
1778586010.677061,13.286836583,35.334467833,0.08
1778586010.736659,13.341338582999999,35.388969833,0.08
1778586010.7785332,13.392949375000004,35.440580625,0.08
1778586010.83707,13.447567000000003,35.49519825,0.08
1778586010.993796,13.610511249999998,35.6581425,0.08
1778586011.052922,13.665557041000003,35.713188291,0.08
1778586011.265397,13.879257541000005,35.926888791,0.08
1778586011.3662238,13.981913082999998,36.029544333,0.08
1778586011.423712,14.033724332999999,36.081355583,0.08
1778586011.520385,14.136821999999999,36.18445325,0.08
1778586011.5805,14.191183375000005,36.238814625,0.08
1778586011.6767712,14.291732,36.33936325,0.08
1778586012.04937,14.661027790999999,36.708659041,0.08
1778586012.202374,14.819213333000004,36.866844583,0.08
1778586012.2626922,14.873223165999999,36.920854416,0.08000032627567295
1778586012.317261,14.926278916000005,36.973910166,0.08007801475416222
1778586012.634623,15.249102666000002,37.296733916,0.09712488144828764
1778586012.790775,15.404732958,37.452364208,0.1256444512186645
1778586013.0080798,15.620155833000002,37.667787083,0.19626436227550623
1778586013.067203,15.670618083000004,37.718249333,0.2183390487860381
1778586013.120339,15.724376583000005,37.772007833,0.24411404947462584
1778586013.323776,15.936422000000004,37.98405325,0.36629405833201684
1778586013.440854,16.046254666,38.093885916,0.43992416129551
1778586013.5417988,16.154446833000005,38.202078083,0.5166985712599299
1778586013.7015731,16.315957541,38.363588791,0.633804097931123
1778586013.7641768,16.370993958000003,38.418625208,0.6730251222327907
1778586013.805912,16.422701083000003,38.470332333,0.709018369861306
1778586013.86586,16.474870375,38.522501625,0.7441798428339472
1778586014.023705,16.637701000000003,38.68533225,0.8431854594220038
1778586014.0830579,16.692728833,38.740360083,0.8718946566142058
1778586014.1811159,16.796886458,38.844517708,0.9180985209246114
1778586014.34175,16.956724625000003,39.004355875,0.9651509780642641
1778586014.3998709,17.011755375000003,39.059386625,0.9740114361204515
1778586014.454796,17.062718666,39.110349916,0.9787018430275097
1778586014.611203,17.225661208000002,39.273292458,0.9707280452024388
1778586014.669527,17.279051583,39.326682833,0.9605897152991539
1778586014.728781,17.334082666000004,39.381713916,0.9463959591544582
1778586014.870903,17.487716041000002,39.535347291,0.8880235265230773
1778586014.931069,17.542761458000005,39.590392708,0.8610412005145403
1778586015.0435681,17.652320291,39.699951541,0.7993319582428238
1778586015.143897,17.761104375,39.808735625,0.7295702983437006
1778586015.261749,17.871168166,39.918799416,0.6530884137006575
1778586015.4812531,18.087361666000003,40.134992916,0.4967279364413636
1778586015.684832,18.302065625,40.349696875,0.3507432928585236
1778586015.745446,18.353852125,40.401483375,0.7829432590844961
1778586015.8484008,18.459734458000003,40.507365708,0.25945014381858866
1778586015.9486358,18.56546175,40.613093,0.20845016903811825
1778586016.003684,18.620545041000003,40.668176291,0.18546495979825234
1778586016.06589,18.674796625000003,40.722427875,0.1652686775097711
1778586016.123457,18.729485125,40.777116375,0.14738684814606956
1778586016.224074,18.835631208,40.883262458,0.11958790544266304
1778586016.324692,18.941641125,40.989272375,0.10032537263611509
1778586016.386285,18.996377125,41.044008375,0.09335143149800598
1778586016.5413,19.153782791,41.201414041,0.08234654159663615
1778586016.8538299,19.470952833000002,41.518584083,0.08
1778586016.913781,19.524784666,41.572415916,0.08
1778586017.1288111,19.744581458000003,41.792212708,0.08
1778586017.1877491,19.7960485,41.84367975,0.08
1778586017.352875,19.959750625,42.007381875,0.08
1778586017.453281,20.067122583000003,42.114753833,0.08
1778586017.673855,20.282662416000004,42.330293666,0.08
1778586017.944504,20.553891708,42.601522958,0.08
1778586018.269954,20.878472291000005,42.926103541,0.08
1778586018.4263911,21.038448083000002,43.086079333,0.08
1778586018.529429,21.141737625,43.189368875,0.2752654179627169
1778586018.644981,21.251836,43.29946725,0.08
1778586018.7404811,21.355525958000005,43.403157208,0.08
1778586018.797011,21.408549458,43.456180708,0.08
1778586018.967662,21.570196415999998,43.617827666,0.08
1778586019.0675058,21.676859958000005,43.724491208,0.08
1778586019.2862248,21.891137000000004,43.93876825,0.08
1778586019.3853052,21.999339000000003,44.04697025,0.08
1778586019.539299,22.156564791000005,44.204196041,0.08
1778586019.599143,22.210773041,44.258404291,0.08
1778586019.65792,22.2658265,44.31345775,0.08
1778586019.9752781,22.588899333000004,44.636530583,0.08
1778586020.1885178,22.799306375000004,44.846937625,0.08
1778586020.507086,23.120174458000005,45.167805708,0.08
1778586020.5652962,23.174300083000002,45.221931333,0.08
1778586020.88044,23.489945291,45.537576541,0.08
1778586020.9390059,23.54503575,45.592667,0.08
1778586021.039638,23.652955666,45.700586916,0.08
1778586021.2027872,23.816075125,45.863706375,0.08
1778586021.358586,23.975287750000003,46.022919,0.08077768294548551
1778586021.4135602,24.026815000000003,46.07444625,0.08202707415595174
1778586021.471691,24.082428583,46.130059833,0.08438790970565804
1778586021.626177,24.243113625000003,46.290744875,0.4275150563324854
1778586021.7869482,24.404284125,46.451915375,0.13153858661040768
1778586021.8465002,24.456849833000003,46.504481083,0.1462646286268092
1778586022.0013828,24.618697791,46.666329041,0.2058780284404274
1778586022.058238,24.672423166000005,46.720054416,0.23043698806874435
1778586022.1162162,24.727631625000004,46.775262875,0.2580519866809586
1778586022.3319418,24.941614000000005,46.98924525,0.38532451480751956
1778586022.388918,24.995611583000002,47.043242833,0.4215879631418813
1778586022.482399,25.099718958,47.147350208,0.4946108957062453
1778586022.5356889,25.153014625,47.200645875,0.5330342317389534
1778586022.6508958,25.261546541000005,47.309177791,0.611876183913638
1778586022.806973,25.420399541,47.468030791,0.7238139274539824
1778586023.02454,25.636825583,47.684456833,0.8555899964254645
1778586023.242273,25.849317083,47.896948333,0.9444339217474366
1778586023.3413608,25.952465790999998,48.000097041,0.9687825527409015
1778586023.441228,26.055937583,48.103568833,0.979515353431021
1778586023.662889,26.271928166,48.319559416,0.9566314195335792
1778586023.7640152,26.380244583000003,48.427875833,0.9230176300639884
1778586023.873912,26.486799875,48.534431125,0.8770556116059968
1778586023.935946,26.538644375,48.586275625,0.8505826656884631
1778586023.9757628,26.591950416,48.639581666,0.8208859376331537
1778586024.0341709,26.645235458,48.692866708,0.788967254049049
1778586024.2540832,26.862275541,48.909906791,0.6422762823438322
1778586024.410733,27.024446583000003,49.072077833,0.5247537324107536
1778586024.624598,27.235507458000004,49.283138708,0.3780398942928322
1778586024.721888,27.339260166,49.386891416,0.3133196904311777
1778586024.781398,27.392504750000004,49.440136,0.28276158117543826
1778586024.8785222,27.495619875,49.543251125,0.22946569108835946
1778586025.099777,27.708564833,49.756196083,0.1464465042039696
1778586025.418581,28.027092125,50.074723375,0.08814616091350229
1778586025.474598,28.077189583000003,50.124820833,0.08473925057741141
1778586025.51589,28.131554125000005,50.179185375,0.08228340342375655
1778586025.574493,28.183655833,50.231287083,0.08090464716484828
1778586025.794338,28.398330208,50.445961458,0.08
1778586025.893662,28.508385416,50.556016666,0.08
1778586026.054108,28.667341500000003,50.71497275,0.08
1778586026.116159,28.722364208,50.769995458,0.08
1778586026.215669,28.828962291,50.876593541,0.08
1778586026.37466,28.988784958,51.036416208,0.08
1778586026.432926,29.043676041,51.091307291,0.08
1778586026.709881,29.314778625,51.362409875,0.08
1778586026.8074791,29.424843291,51.472474541,0.08
1778586026.978305,29.583785208,51.631416458,0.08
1778586027.078304,29.691772125000004,51.739403375,0.08
1778586027.135222,29.741984333,51.789615583,0.08
1778586027.2952871,29.905473125000004,51.953104375,0.08
1778586027.5123441,30.121429875,52.169061125,0.08
1778586027.6127412,30.228450833,52.276082083,0.08
1778586027.891136,30.498070958000003,52.545702208,0.08
1778586027.994389,30.60287875,52.65051,0.08
1778586028.046446,30.657507875000004,52.705139125,0.08
1778586028.205059,30.820619625000003,52.868250875,0.08
1778586028.2615218,30.871851958000004,52.919483208,0.08
1778586028.31664,30.925254833,52.972886083,0.08
1778586028.417501,31.033554666000004,53.081185916,0.08
1778586028.474508,31.088612291,53.136243541,0.08
1778586028.537111,31.141986166,53.189617416,0.08
1778586028.594322,31.195203041000003,53.242834291,0.08
1778586028.636052,31.249325708000004,53.296956958,0.08
1778586028.692847,31.30439125,53.3520225,0.08
1778586028.7494872,31.359453708,53.407084958,0.08
1778586028.810173,31.414622833,53.462254083,0.08
1778586028.8716521,31.468230333000005,53.515861583,0.08
1778586028.909378,31.518568208,53.566199458,0.08
1778586028.9679391,31.571986041,53.619617291,0.08
1778586029.022063,31.622515666,53.670146916,0.08
1778586029.0638962,31.672961541000003,53.720592791,0.08
1778586029.122366,31.727602291,53.775233541,0.08
1778586029.177994,31.779736583,53.827367833,0.08
1778586029.233693,31.833647458000005,53.881278708,0.08
1778586029.269589,31.88629275,53.933924,0.08
1778586029.329715,31.940284041,53.987915291,0.08
1778586029.382894,31.995359416000003,54.042990666,0.08
1778586029.4409,32.05031379100001,54.097945041,0.08
1778586029.494705,32.10209462500001,54.149725875,0.08
1778586029.553257,32.157151416000005,54.204782666,0.08
1778586029.613296,32.21077475,54.258406,0.08
1778586029.649843,32.265809540999996,54.313440791,0.08
1778586029.708127,32.32087,54.36850125,0.08
1778586029.765627,32.373010875000006,54.420642125,0.08
1778586029.8283598,32.4251895,54.47282075,0.08
1778586029.866213,32.479910000000004,54.52754125,0.08
1778586029.92287,32.534990291,54.582621541,0.08
1778586029.981548,32.588472166,54.636103416,0.08
1778586030.0402849,32.64317416600001,54.690805416,0.08
1778586030.081443,32.695162249999996,54.7427935,0.08
1778586030.140218,32.747149166,54.794780416,0.08
1778586030.199486,32.799327541,54.846958791,0.08
1778586030.236959,32.854380041,54.902011291,0.0800188475971377
1778586030.297151,32.908588707999996,54.956219958,0.08025246257402566
1778586030.354445,32.963614291,55.011245541,0.08100784110627444
1778586030.414065,33.016527916,55.064159166,0.08250126426533469
1778586030.466441,33.07081275,55.118444,0.0850855521891233
1778586030.507606,33.125042750000006,55.172674,0.08898660633126768
1778586030.5620139,33.179422208000005,55.227053458,0.09446026172633343
1778586030.6236968,33.23029245800001,55.277923708,0.10119283470901555
1778586030.6818922,33.284923791,55.332555041,0.11034131274623246
1778586030.719417,33.33548825,55.3831195,0.12072049537778107
1778586030.77683,33.386894041000005,55.434525291,0.13327250440576285
1778586030.834605,33.441703041,55.489334291,0.14897063750109113
1778586030.894113,33.493331583,55.540962833,0.1660101040832389
1778586030.934121,33.545616041,55.593247291,0.7294830288224269
1778586030.995132,33.598358415999996,55.645989666,0.2074838800665953
1778586031.033519,33.650270416,55.697901666,0.23132073801094977
1778586031.0954518,33.704740083000004,55.752371333,0.2586377406943827
1778586031.1565561,33.75822854100001,55.805859791,0.287638710462621
1778586031.215252,33.81369904100001,55.861330291,0.3198458322420332
1778586031.253214,33.867887958,55.915519208,0.3532286154718854
1778586031.315806,33.919255291,55.966886541,0.3864182040660897
1778586031.376818,33.974378916000006,56.022010166,0.42346474269270334
1778586031.416759,34.029495791,56.077127041,0.4617832456139951
1778586031.477,34.084519375,56.132150625,0.5009292701019221
1778586031.536402,34.139272915999996,56.186904166,0.5404887062535614
1778586031.59719,34.19432475000001,56.241956,0.5805081642969729
1778586031.63466,34.24630583300001,56.293937083,0.618223396320826
1778586031.694391,34.29929395800001,56.346925208,0.656262413925072
1778586031.753672,34.35385050000001,56.40148175,0.6946454945615081
1778586031.791682,34.408931291,56.456562541,0.7322612495717556
1778586031.853556,34.460026708,56.507657958,0.7658045596498719
1778586031.912965,34.513638208,56.561269458,0.7992954862916644
1778586031.9536471,34.56470900000001,56.61234025,0.8292850165511939
1778586032.011868,34.618697708,56.666328958,0.8586726370086681
1778586032.074142,34.671933708,56.719564958,0.8850516215182368
1778586032.110014,34.725515875,56.773147125,0.9087369685923619
1778586032.1657422,34.779004916000005,56.826636166,0.9292771956905358
1778586032.22443,34.83305862500001,56.880689875,0.9467227352736142
1778586032.284291,34.887845541000004,56.935476791,1.5200980044808934
1778586032.32205,34.939494333,56.987125583,0.9705917054142895
1778586032.38143,34.99288287500001,57.040514125,0.9771118534047826
1778586032.442755,35.04362412500001,57.091255375,0.9798436394055617
1778586032.483893,35.098483208000005,57.146114458,0.9789690346092728
1778586032.544468,35.15355904100001,57.201190291,0.9740998890908436
1778586032.602893,35.20683820800001,57.254469458,0.9656292813677045
1778586032.659122,35.261901458,57.309532708,0.9530853392341382
1778586032.716664,35.313294875,57.360926125,0.9380058298815062
1778586032.758881,35.366084375,57.413715625,0.9192785955327326
1778586032.8156958,35.421148958,57.468780208,0.8964322125517634
1778586032.859348,35.471897791,57.519529041,0.8725981994601054
1778586032.9198458,35.52624287500001,57.573874125,0.844318327676007
1778586032.9771159,35.578057916000006,57.625689166,0.8149853051693161
1778586033.014644,35.631516166,57.679147416,0.7825623083192227
1778586033.073303,35.68575237500001,57.733383625,0.7477443120967578
1778586033.128108,35.736943583,57.784574833,0.7133838841612207
1778586033.188295,35.790294458000005,57.837925708,0.6763631348688608
1778586033.226826,35.843037249999995,57.8906685,0.6388524432842104
1778586033.2869928,35.897513958000005,57.945145208,0.5995103556503963
1778586033.3442822,35.9495455,57.99717675,0.5616747537040263
1778586033.406911,36.00361733300001,58.051248583,0.5224695300598817
1778586033.446072,36.057628333,58.105259583,0.4836434567855189
1778586033.508728,36.112070290999995,58.159701541,0.4452714162117183
1778586033.549035,36.164305333,58.211936583,0.4094030562867013
1778586033.60992,36.215282208000005,58.262913458,0.3755619429937784
1778586033.665219,36.270316875000006,58.317948125,0.34055685757425164
1778586033.7234921,36.324944083000005,58.372575333,0.5618258763417331
1778586033.761842,36.377043208,58.424674458,0.2780446957378941
1778586033.81883,36.43044679100001,58.478078041,0.24977229016211228
1778586033.8735402,36.486044041,58.533675291,0.2226608142597865
1778586033.9346292,36.540984957999996,58.588616208,0.19831028177744864
1778586033.9909718,36.596062458000006,58.643693708,0.1763938168692933
1778586034.052743,36.649527166,58.697158416,0.15752523428312717
1778586034.091476,36.705325208000005,58.752956458,0.14050964070257085
1778586034.1538482,36.756388958,58.804020208,0.12683833000787748
1778586034.195491,36.811167375,58.858798625,0.11460436422516919
1778586034.2520618,36.866020750000004,58.913652,0.10457619884985433
1778586034.3109848,36.919460458,58.967091708,0.0967980109936944
1778586034.37021,36.974354500000004,59.02198575,0.6225588623986789
1778586034.424544,37.029185958,59.076817208,0.48885138066547196
1778586034.466372,37.082645875,59.130277125,0.08326351255870233
1778586034.5256672,37.136236083,59.183867333,0.08142168146218891
1778586034.583404,37.189767540999995,59.237398791,0.08044663982177085
1778586034.643659,37.241338083,59.288969333,0.08007223549844798
1778586034.6831539,37.296150666,59.343781916,0.08000009928177695
1778586034.7413812,37.347592082999995,59.395223333,0.08
1778586034.7985091,37.402609125,59.450240375,0.08
1778586034.840162,37.457660290999996,59.505291541,0.08
1778586034.899911,37.512756333,59.560387583,0.08
1778586034.954039,37.566492708,59.614123958,0.08
1778586035.0150862,37.621519250000006,59.6691505,0.08
1778586035.07444,37.676558625,59.724189875,0.08
1778586035.133868,37.731589333,59.779220583,0.08
1778586035.172126,37.786615333,59.834246583,0.08
1778586035.228537,37.84136600000001,59.88899725,0.08
1778586035.285113,37.896403500000005,59.94403475,0.08
1778586035.340812,37.951451500000005,59.99908275,0.08
1778586035.40207,38.007908958,60.055540208,0.08
1778586035.458953,38.062698499999996,60.11032975,0.08
1778586035.4971719,38.11435508300001,60.161986333,0.08
1778586035.554163,38.169397958000005,60.217029208,0.08
1778586035.614576,38.224423458000004,60.272054708,0.08
1778586035.6739259,38.27945404100001,60.327085291,0.08
1778586035.729633,38.33448541600001,60.382116666,0.08
1778586035.789332,38.389524541,60.437155791,0.08
1778586035.828728,38.443151708,60.490782958,0.08
1778586035.8896189,38.498240291,60.545871541,0.08
1778586035.95235,38.54984091600001,60.597472166,0.08
1778586035.988718,38.604727916,60.652359166,0.08
1778586036.049249,38.657761625000006,60.705392875,0.08
1778586036.106934,38.712834791000006,60.760466041,0.08
1778586036.16736,38.76613704100001,60.813768291,0.08
1778586036.205961,38.82024,60.86787125,0.08
1778586036.2682948,38.874439791,60.922071041,0.08
1778586036.327735,38.926002083,60.973633333,0.08
1778586036.366292,38.979638957999995,61.027270208,0.5977518663357877
1778586036.424468,39.033891708,61.081522958,0.08
1778586036.487651,39.086839958,61.134471208,0.08
1778586036.5294669,39.140992208,61.188623458,0.08
1778586036.588906,39.192780541000005,61.240411791,0.08
1778586036.6306539,39.246142041,61.293773291,0.08
1778586036.691523,39.29965525,61.3472865,0.08
1778586036.750813,39.354689416,61.402320666,0.08
1778586036.7929049,39.40965383300001,61.457285083,0.08
1778586036.849225,39.46139841600001,61.509029666,0.08
1778586036.911068,39.513534041,61.561165291,0.08
1778586036.96928,39.568586458,61.616217708,0.08
1778586037.0112839,39.621712583000004,61.669343833,0.08
1778586037.067123,39.67547570800001,61.723106958,0.08
1778586037.1267421,39.73055550000001,61.77818675,0.08
1778586037.186039,39.78270045800001,61.830331708,0.08
1778586037.224153,39.83341445800001,61.881045708,0.08
1778586037.286874,39.887077500000004,61.93470875,0.08
1778586037.327639,39.94210475,61.989736,0.08
1778586037.386566,39.995537125,62.043168375,0.08
1778586037.444309,40.045907291000006,62.093538541,0.08
1778586037.482188,40.099488666,62.147119916,0.08
1778586037.541028,40.14961425,62.1972455,0.08
1778586037.5993779,40.203212083,62.250843333,0.08
1778586037.658009,40.257710708000005,62.305341958,0.08
1778586037.6984751,40.311827333,62.359458583,0.08
1778586037.755169,40.366694124999995,62.414325375,0.08
1778586037.81274,40.416917874999996,62.464549125,0.08
1778586037.8721159,40.47087216600001,62.518503416,0.08
1778586037.909282,40.523751166,62.571382416,0.08
1778586037.970285,40.578155957999996,62.625787208,0.08
1778586038.02793,40.632669041,62.680300291,0.08
1778586038.0853171,40.687729625,62.735360875,0.08
1778586038.125924,40.740416458,62.788047708,0.08
1778586038.181813,40.79515229100001,62.842783541,0.08
1778586038.244502,40.850206,62.89783725,0.08
1778586038.300701,40.90474375000001,62.952375,0.08
1778586038.358558,40.95863525,63.0062665,0.3517176280112072
1778586038.396638,41.014086666,63.061717916,0.5862684236405326
1778586038.452845,41.065662,63.11329325,0.08
1778586038.509774,41.120720541,63.168351791,0.08
1778586038.568661,41.172264291000005,63.219895541,0.08
1778586038.626313,41.223026583000006,63.270657833,0.08
1778586038.6650949,41.275431624999996,63.323062875,0.08
1778586038.7260501,41.328514,63.37614525,0.08
1778586038.765074,41.3806805,63.42831175,0.08
1778586038.8475661,41.432954458,63.480585708,0.08
1778586038.887064,41.483809332999996,63.531440583,0.08
1778586038.928287,41.538856249999995,63.5864875,0.08
1778586038.985684,41.589295250000006,63.6369265,0.08
1778586039.043874,41.644360875000004,63.691992125,0.08
1778586039.102099,41.699332833,63.746964083,0.08
1778586039.1376588,41.752622625,63.800253875,0.08
1778586039.199498,41.807646915999996,63.855278166,0.08000143173214644
1778586039.260114,41.862693625000006,63.910324875,0.08011374162174524
1778586039.315546,41.916101999999995,63.96373325,0.08060235442958544
1778586039.355131,41.97108262500001,64.018713875,0.08178901741330212
1778586039.412531,42.026981166,64.074612416,0.08400261543605192
1778586039.475352,42.08045737500001,64.128088625,0.08733581909697634
1778586039.516285,42.133572833,64.181204083,0.09206020554485482
1778586039.574996,42.18778375000001,64.235415,0.09855437752140375
1778586039.63567,42.23936679100001,64.286998041,0.10648646397974117
1778586039.675006,42.290841375,64.338472625,0.11625726562331426
1778586039.729598,42.341044541,64.388675791,0.12767730146174616
1778586039.788322,42.39516887500001,64.442800125,0.14222872541114276
1778586039.829524,42.446354583,64.493985833,0.15814501352672278
1778586039.891881,42.49931170800001,64.546942958,0.1769250139854958
1778586039.949343,42.554360875,64.601992125,0.19889352758711956
1778586040.007862,42.609396458000006,64.657027708,0.22335518613142957
1778586040.049566,42.66049050000001,64.70812175,0.24823419449560663
1778586040.111837,42.710666833000005,64.758298083,0.2746209887061109
1778586040.1527228,42.761110083000005,64.808741333,0.3029957844305728
1778586040.208527,42.81272162500001,64.860352875,0.3338159305621013
1778586040.265087,42.866082500000005,64.91371375,0.36736187080946026
1778586040.303496,42.920047666,64.967678916,0.9976162341705672
1778586040.36513,42.97055495800001,65.018186208,0.43738982989247266
1778586040.4044778,43.02125233300001,65.068883583,0.4729321819131508
1778586040.465767,43.076327250000006,65.1239585,0.5123205901314515
1778586040.5253172,43.129294833,65.176926083,0.5506914108290214
1778586040.5851781,43.18434975000001,65.231981,0.5907177014849682
1778586040.623617,43.237982708000004,65.285613958,0.6295380061068127
1778586040.685971,43.292924916000004,65.340556166,0.6687852562525556
1778586040.742938,43.346111291,65.393742541,0.7059014021428862
1778586040.798448,43.398293083,65.445924333,0.7411832835318689
1778586040.852561,43.452494708,65.500125958,1.0116956858436537
1778586040.889906,43.503546833,65.551178083,0.8076678317848882
1778586040.946744,43.55451129100001,65.602142541,0.8370508438077002
1778586041.002209,43.609572833,65.657204083,0.8663241131905762
1778586041.0593102,43.664249208,65.711880458,0.8925863757554342
1778586041.119305,43.717826625,65.765457875,0.9153552330880894
1778586041.1603131,43.7716755,65.81930675,0.9350403934835446
1778586041.211862,43.826741458,65.874372708,0.9516700383203143
1778586041.2718878,43.878983625000004,65.926614875,0.964017206205469
1778586041.3291268,43.934046208,65.981677458,0.9732808777009131
1778586041.390004,43.986967166,66.034598416,0.9784768577615814
1778586041.431784,44.041988875,66.089620125,0.9799673332463702
1778586041.494248,44.097076958,66.144708208,0.9774518730272959
1778586041.548002,44.149866083000006,66.197497333,0.9713009817648203
1778586041.5886788,44.203734791,66.251366041,0.9613123468367615
1778586041.648423,44.258550083,66.306181333,0.9474025133205987
1778586041.7096431,44.312706125000005,66.360337375,0.9300859261708225
1778586041.767812,44.366210208,66.413841458,0.9096620036432688
1778586041.807076,44.421033041,66.468664291,0.88551588873298
1778586041.866254,44.47358954100001,66.521220791,0.8595465283193402
1778586041.9270039,44.52863691600001,66.576268166,0.8296333024097771
1778586041.9835699,44.583748125,66.631379375,0.7972168975828238
1778586042.0236878,44.63764995800001,66.685281208,0.7634186665184395
1778586042.080862,44.692727000000005,66.74035825,1.1640157494529526
1778586042.136053,44.74777762500001,66.795408875,0.6893150008187976
1778586042.188528,44.79820904100001,66.845840291,0.6537319840894205
1778586042.245445,44.851897166,66.899528416,0.6151525923411296
1778586042.308065,44.90697475,66.954606,0.5751783390459483
1778586042.348347,44.961898500000004,67.00952975,0.5352622887770058
1778586042.40892,45.01364195800001,67.061273208,0.49792006103188435
1778586042.470048,45.0671725,67.11480375,0.45987455081781453
1778586042.508978,45.12226266600001,67.169893916,0.42166752687742115
1778586042.5640929,45.176973458000006,67.224604708,0.3849413223076998
1778586042.620245,45.22899733300001,67.276628583,0.3513838122200706
1778586042.6797178,45.28248962500001,67.330120875,0.31851904425565286
1778586042.736958,45.333702083000006,67.381333333,0.28878726080385064
1778586042.7775931,45.387202708000004,67.434833958,0.25969776383516163
1778586042.835092,45.438684666,67.486315916,0.23374632367337533
1778586042.891884,45.492027541,67.539658791,0.2090600642127886
1778586042.933739,45.547092625000005,67.594723875,0.1860118469066946
1778586042.9942772,45.599428583000005,67.647059833,0.1664326270939641
1778586043.051489,45.65385520800001,67.701486458,0.14847735791965627
1778586043.093033,45.70771495800001,67.755346208,0.13310360072202715
1778586043.153879,45.76102262500001,67.808653875,0.12015561545967612
1778586043.213217,45.812752333000006,67.860383583,0.10965444159618265
1778586043.269345,45.867293583000006,67.914924833,0.10065996459487328
1778586043.308254,45.920870666,67.968501916,0.09373644661819468
1778586043.369514,45.972441833000005,68.020073083,0.08868851773540427
1778586043.409429,46.02704383300001,68.074675083,0.08485895747309738
1778586043.470218,46.08086029100001,68.128491541,0.08237707735063309
1778586043.5246248,46.13593362500001,68.183564875,0.08089892403208097
1778586043.581766,46.19052133300001,68.238152583,0.08021320385931219
1778586043.636663,46.244097541,68.291728791,0.08001312363457366
1778586043.695385,46.298332458000004,68.345963708,0.08
1778586043.753388,46.352679791,68.400311041,0.08
1778586043.7941918,46.407391708000006,68.455022958,0.08
1778586043.854243,46.462531,68.51016225,0.08
1778586043.907001,46.51275220800001,68.560383458,0.08
1778586043.9483252,46.56360704100001,68.611238291,0.08
1778586044.0077739,46.61865358300001,68.666284833,0.08
1778586044.066339,46.670371583000005,68.718002833,0.08
1778586044.126081,46.72388804100001,68.771519291,0.08
1778586044.165917,46.778943208,68.826574458,0.08
1778586044.224863,46.834044125000005,68.881675375,0.08
1778586044.285818,46.888543416000005,68.936174666,0.08
1778586044.323967,46.941028958000004,68.988660208,0.08
1778586044.3846111,46.99365175000001,69.041283,0.08
1778586044.444235,47.048709625,69.096340875,0.08
1778586044.4865851,47.099735333,69.147366583,0.08
1778586044.546248,47.15415825000001,69.2017895,0.08
1778586044.605385,47.20767291600001,69.255304166,0.08
1778586044.6420228,47.259647375,69.307278625,0.08
1778586044.699355,47.312810083,69.360441333,0.08
1778586044.753533,47.365978916,69.413610166,0.08
1778586044.8107798,47.421037333,69.468668583,0.08
1778586044.8708658,47.473406583,69.521037833,0.08
1778586044.910955,47.528465916,69.576097166,0.08
1778586044.973592,47.58350700000001,69.63113825,0.2748569692596945
1778586045.030163,47.638526166000005,69.686157416,0.08
1778586045.092602,47.692507250000006,69.7401385,0.08
1778586045.146407,47.747653166000006,69.795284416,0.08
1778586045.184016,47.801279916,69.848911166,0.08
1778586045.244823,47.854282416000004,69.901913666,0.08
1778586045.3043368,47.90860841600001,69.956239666,0.08
1778586045.344883,47.961865875,70.009497125,0.08
1778586045.401367,48.01603858300001,70.063669833,0.08
1778586045.457937,48.07085779100001,70.118489041,0.08
1778586045.518193,48.12109758300001,70.168728833,0.08
1778586045.5724092,48.174605791000005,70.222237041,0.38096762759389213
1778586045.6318269,48.229659458,70.277290708,0.08
1778586045.669197,48.282251958,70.329883208,0.08
1778586045.731456,48.33683020800001,70.384461458,0.08
1778586045.790009,48.39188712500001,70.439518375,0.08
1778586045.828634,48.44548545800001,70.493116708,0.08
1778586045.885628,48.499989708,70.547620958,0.08
1778586045.9441679,48.553927125,70.601558375,0.08
1778586046.003293,48.607924041000004,70.655555291,0.08
1778586046.06087,48.66300145800001,70.710632708,0.08
1778586046.119958,48.71615920800001,70.763790458,0.08
1778586046.1603048,48.770246708,70.817877958,0.08
1778586046.2191942,48.823397833,70.871029083,0.08
1778586046.275233,48.878456208,70.926087458,0.08
1778586046.331684,48.932657166,70.980288416,0.08
1778586046.3701918,48.987740083000006,71.035371333,0.08
1778586046.4282181,49.041006291,71.088637541,0.08
1778586046.4820921,49.09338112500001,71.141012375,0.08
1778586046.541188,49.14416370800001,71.191794958,0.08
1778586046.581666,49.1953975,71.24302875,0.08
1778586046.6383018,49.248311083000004,71.295942333,0.08
1778586046.692052,49.301887875000006,71.349519125,0.08
1778586046.7496462,49.356951541,71.404582791,0.3472406038358794
1778586046.810108,49.41161866600001,71.459249916,0.08
1778586046.8489542,49.466077041000005,71.513708291,0.08
1778586046.905791,49.520375083000005,71.568006333,0.08
1778586046.964788,49.57420483300001,71.621836083,0.08
1778586047.025065,49.629277625,71.676908875,0.7054240590441899
1778586047.062474,49.67962700000001,71.72725825,0.08
1778586047.120092,49.731634416000006,71.779265666,0.08
1778586047.1761532,49.786102666000005,71.833733916,0.08
1778586047.232827,49.837385041000005,71.885016291,0.08
1778586047.292192,49.891811708000006,71.939442958,0.08
1778586047.328344,49.944568875,71.992200125,0.08
1778586047.38473,49.997606625,72.045237875,0.08
1778586047.442716,50.048723083,72.096354333,0.08
1778586047.481981,50.099644041000005,72.147275291,0.08
1778586047.544917,50.153545791,72.201177041,0.08
1778586047.6043148,50.20716912500001,72.254800375,0.08
1778586047.662792,50.26188950000001,72.30952075,0.08
1778586047.702553,50.31278775,72.360419,0.08
1778586047.757906,50.36352658300001,72.411157833,0.08
1778586047.818829,50.41858387500001,72.466215125,0.08
1778586047.8730712,50.47116941600001,72.518800666,0.08
1778586047.9117382,50.525828625,72.573459875,0.08
1778586047.9698482,50.57947604100001,72.627107291,0.08
1778586048.030825,50.6326765,72.68030775,0.08
1778586048.0700119,50.687640708,72.735271958,0.08
1778586048.1317189,50.741308833000005,72.788940083,0.08
1778586048.1929731,50.796154791000006,72.843786041,0.08000767975344746
1778586048.234775,50.85122429100001,72.898855541,0.08018435782923258
1778586048.293397,50.904493583000004,72.952124833,0.08079927627644931
1778586048.353785,50.95637045800001,73.004001708,0.08207918186912991
1778586048.393894,51.01141929100001,73.059050541,0.08444463696965092
1778586048.454379,51.066015500000006,73.11364675,0.0880767608931012
1778586048.513619,51.120907625,73.168538875,0.09327356560729194
1778586048.571488,51.173826375000004,73.221457625,0.09996299289055618
1778586048.6112761,51.227557833000006,73.275189083,0.10863185690974386
1778586048.667605,51.278264375000006,73.325895625,0.11869347629966699
1778586048.7262762,51.329413,73.37704425,0.13081197203195877
1778586048.766798,51.382315041,73.429946291,0.14552348072962956
1778586048.8264608,51.437388541000004,73.485019791,0.16324582583215416
1778586048.885799,51.492427291,73.540058541,0.18349103807000594
1778586048.944959,51.54517712500001,73.592808375,0.20523977487965778
1778586048.986756,51.599131125,73.646762375,0.22984388259940158
1778586049.0451021,51.6538575,73.70148875,0.25715711706978084
1778586049.1077929,51.708251000000004,73.75588225,0.28655252712148804
1778586049.148919,51.761925500000004,73.80955675,0.3175965419408511
1778586049.204274,51.816267791,73.863899041,0.3509652572893442
1778586049.260898,51.86925904100001,73.916890291,0.3851339468112776
1778586049.320427,51.924422416,73.972053666,0.4221068464501471
1778586049.361521,51.975025875,74.022657125,0.8162115060319267
1778586049.4229279,52.02849675,74.076128,0.49520906479665244
1778586049.462528,52.080083125,74.127714375,0.5324001388888527
1778586049.523485,52.13442483300001,74.182056083,1.1672710218129994
1778586049.5784671,52.188879416000006,74.236510666,0.6114302713687867
1778586049.634059,52.243746583000004,74.291377833,0.6509037413475145
1778586049.692534,52.295169208000004,74.342800458,0.6872413547676951
1778586049.7484548,52.34533141600001,74.392962666,0.7217772438617118
1778586049.789058,52.39611008300001,74.443741333,0.7555413222428622
1778586049.8482828,52.45117225,74.4988035,0.7904724556401483
1778586049.90724,52.50543970800001,74.553070958,0.822872246105892
1778586049.947841,52.560487666,74.608118916,0.8533348941545125
1778586050.007649,52.612890541,74.660521791,0.8798294525789238
1778586050.064377,52.66455525000001,74.7121865,0.9033081197908839
1778586050.119304,52.71961875000001,74.76725,0.9252006978045367
1778586050.158892,52.77434625000001,74.8219775,0.9435534231487271
1778586050.219491,52.82848891600001,74.876120166,0.9581862035243135
1778586050.278868,52.878683208,74.926314458,0.9684850743904906
1778586050.321464,52.93162475000001,74.979256,0.97584453236812
1778586050.378506,52.98480133300001,75.032432583,0.9795479198920141
1778586050.4357219,53.03829625,75.0859275,0.9795056776598423
1778586050.475768,53.08895879100001,75.136590041,0.975981655462719
1778586050.536065,53.14394875000001,75.19158,0.9683590688685378
1778586050.595496,53.196059375000004,75.243690625,0.9575540064016863
1778586050.636679,53.246133875,75.293765125,0.943987658423097
1778586050.692637,53.29933270800001,75.346963958,0.9262801030569888
1778586050.748329,53.35037954100001,75.398010791,0.9062576069507967
1778586050.789941,53.40049975000001,75.448131,0.8838827208615913
1778586050.8498409,53.454303291,75.501934541,0.8570843829986766
1778586050.907776,53.509259833,75.556891083,0.8269990969714734
1778586050.94577,53.56201966600001,75.609650916,0.7958155231191808
1778586051.001399,53.61428612500001,75.661917375,0.7630002276277206
1778586051.0611699,53.66618695800001,75.713818208,0.7287922977949451
1778586051.123245,53.72056558300001,75.768196833,0.6915410163198087
1778586051.161161,53.77562545800001,75.823256708,0.6527126108646892
1778586051.219106,53.82939483300001,75.877026083,0.614058169482051
1778586051.274264,53.88161020800001,75.929241458,0.5761545395992798
1778586051.332952,53.932412666000005,75.980043916,0.5392254001359671
1778586051.371551,53.983077541,76.030708791,0.5026228109502958
1778586051.433057,54.03810566600001,76.085736916,0.46342814627131074
1778586051.473299,54.0896015,76.13723275,0.4275816013633338
1778586051.531588,54.14458154100001,76.192212791,0.39046375983294473
1778586051.586698,54.19945479100001,76.247086041,0.35486780745714175
1778586051.643106,54.254403208,76.302034458,0.3209508893687775
1778586051.702538,54.309459583000006,76.357090833,0.2889132023777215
1778586051.7615201,54.36003766600001,76.407668916,0.2613462408506835
1778586051.803075,54.413463166,76.461094416,0.2343286985548481
1778586051.8632479,54.467626916,76.515258166,0.6760640868083225
1778586051.904952,54.522644833,76.570276083,0.1861736893795242
1778586051.961765,54.57768529100001,76.625316541,0.1656280804365511
1778586052.019253,54.63032841600001,76.677959666,0.14832517564791706
1778586052.079799,54.685359500000004,76.73299075,0.13266024137072846
1778586052.121521,54.738039708,76.785670958,0.11992000233681693
1778586052.1835241,54.79310866600001,76.840739916,0.10885662032034127
1778586052.244116,54.84649129100001,76.894122541,0.10019218693977287
1778586052.3024461,54.89984820800001,76.947479458,0.09340095650388677
1778586052.340553,54.95491870800001,77.002549958,0.08815599195037441
1778586052.402765,55.009873,77.05750425,0.08447746390267175
1778586052.462167,55.06214883300001,77.109780083,0.08219225717740851
1778586052.500528,55.11681625,77.1644475,0.08080987011340268
1778586052.5568771,55.171066041,77.218697291,0.08018182948856699
1778586052.618944,55.224927750000006,77.272559,0.08000834119116285
1778586052.676928,55.277718666,77.325349916,0.08
1778586052.715075,55.32811170800001,77.375742958,0.08
1778586052.77491,55.38290775,77.430539,0.08
1778586052.8359911,55.436899333,77.484530583,0.08
1778586052.874134,55.48960087500001,77.537232125,0.08
1778586052.938027,55.544614083,77.592245333,0.08
1778586052.99843,55.59936125,77.6469925,0.08
1778586053.038707,55.649595125000005,77.697226375,0.08
1778586053.100866,55.704549583,77.752180833,0.08
1778586053.140535,55.755368875,77.803000125,0.08
1778586053.202494,55.810451083000004,77.858082333,0.08
1778586053.260434,55.86420708300001,77.911838333,0.08
1778586053.300509,55.91805225,77.9656835,0.08
1778586053.36082,55.97162479100001,78.019256041,0.08
1778586053.419023,56.025503625,78.073134875,0.08
1778586053.4813209,56.078923375,78.126554625,0.08
1778586053.521526,56.131266333,78.178897583,0.08
1778586053.58162,56.18165287500001,78.229284125,0.08
1778586053.620317,56.231758541000005,78.279389791,0.08
1778586053.6811678,56.284118291,78.331749541,0.08
1778586053.7212029,56.337851458,78.385482708,0.08
1778586053.77742,56.3927075,78.44033875,0.08
1778586053.8361442,56.446141958,78.493773208,0.08
1778586053.8969018,56.49892750000001,78.54655875,0.08
1778586053.954305,56.553052791,78.600684041,0.08
1778586053.992832,56.606600708,78.654231958,0.08
1778586054.050598,56.66124204100001,78.708873291,0.08
1778586054.108684,56.71619929100001,78.763830541,0.08
1778586054.169929,56.767889458,78.815520708,0.08
1778586054.211675,56.821645958000005,78.869277208,0.08
1778586054.271184,56.874338541,78.921969791,0.08
1778586054.3287082,56.92849845800001,78.976129708,0.08
1778586054.3698618,56.97897445800001,79.026605708,0.08
1778586054.4315898,57.03392741600001,79.081558666,0.08
1778586054.490744,57.08873662500001,79.136367875,0.08
1778586054.531297,57.14020450000001,79.18783575,0.08
1778586054.5881228,57.19516358300001,79.242794833,0.08
1778586054.6461282,57.24606687500001,79.293698125,0.08
1778586054.700602,57.301056958000004,79.348688208,0.08
1778586054.756704,57.35684862500001,79.404479875,0.08
1778586054.7962492,57.41148454100001,79.459115791,0.08
1778586054.856571,57.46237641600001,79.510007666,0.08
1778586054.915479,57.51475512500001,79.562386375,0.08
1778586054.955859,57.569783708,79.617414958,0.08
1778586055.015362,57.62481954100001,79.672450791,0.08
1778586055.077937,57.676215791000004,79.723847041,0.08
1778586055.1189098,57.73125675,79.778888,0.08
1778586055.1778681,57.785387333,79.833018583,0.08
1778586055.238673,57.839524583,79.887155833,0.08
1778586055.29228,57.892643125000006,79.940274375,0.08
1778586055.331566,57.945201333,79.992832583,0.08
1778586055.387579,57.99829304100001,80.045924291,0.08
1778586055.444104,58.048752416,80.096383666,0.08
1778586055.502677,58.10301750000001,80.15064875,0.08
1778586055.544144,58.15809025,80.2057215,0.08
1778586055.6038048,58.209846833,80.257478083,0.08
1778586055.644139,58.26159100000001,80.30922225,0.08
1778586055.702181,58.31600054100001,80.363631791,0.08
1778586055.761739,58.370178166,80.417809416,0.08
1778586055.81793,58.424432666,80.472063916,0.08
1778586055.875107,58.475509208000005,80.523140458,0.08
1778586055.931255,58.53075258300001,80.578383833,0.08
1778586055.967238,58.58129083300001,80.628922083,0.08
1778586056.027379,58.63636600000001,80.68399725,0.08
1778586056.085738,58.68885875000001,80.73649,0.38814556835882985
1778586056.1260931,58.74319162500001,80.790822875,0.08
1778586056.186962,58.795948208,80.843579458,0.08
1778586056.248574,58.84857904100001,80.896210291,0.08
1778586056.287174,58.90356637500001,80.951197625,0.08
1778586056.344352,58.957692166,81.005323416,0.08
1778586056.4039261,59.010684666,81.058315916,0.08
1778586056.4574752,59.06476704100001,81.112398291,0.08
1778586056.518574,59.115822416,81.163453666,0.08
1778586056.559438,59.170186,81.21781725,0.08
1778586056.616065,59.22436125,81.2719925,0.08
1778586056.6780858,59.27854658300001,81.326177833,0.08
1778586056.714858,59.331683541000004,81.379314791,0.08
1778586056.773317,59.384959041,81.432590291,0.08
1778586056.835212,59.437723250000005,81.4853545,0.08
1778586056.8936808,59.491882708000006,81.539513958,0.08
1778586056.935327,59.54504379100001,81.592675041,0.08
1778586056.9915478,59.59960316600001,81.647234416,0.08
1778586057.051494,59.65434375000001,81.701975,0.08
1778586057.106602,59.707745125,81.755376375,0.08
1778586057.1471791,59.759014625000006,81.806645875,0.08000128208694413
1778586057.2045472,59.81110112500001,81.858732375,0.08009763514572421
1778586057.26246,59.86252325000001,81.9101545,0.08052620911258704
1778586057.301635,59.916019041,81.963650291,0.0815883636164777
1778586057.358459,59.971069625,82.018700875,0.08361853732523633
1778586057.4200041,60.02114566600001,82.068776916,0.0865223879802698
1778586057.4615428,60.074240875,82.121872125,0.09092712458737282
1778586057.518471,60.12860400000001,82.17623525,0.09707272885454395
1778586057.5741382,60.181934083,82.229565333,0.10490860235107835
1778586057.6157482,60.233513708000004,82.281144958,0.11435055497279493
1778586057.670314,60.28807041600001,82.335701666,0.12648033148992982
1778586057.730124,60.339847000000006,82.38747825,0.1401345208973127
1778586057.787773,60.39079804100001,82.438429291,0.1556852972047334
1778586057.829194,60.441016000000005,82.48864725,0.1730917373392329
1778586057.885967,60.49477025,82.5424015,0.1940745721377824
1778586057.944706,60.545466000000005,82.59309725,0.21604133891246657
1778586057.983113,60.599344625,82.646975875,0.24165172371611943
1778586058.040527,60.65430116600001,82.701932416,0.2701079634851973
1778586058.098281,60.704796708,82.752427958,0.29818187553443776
1778586058.1598778,60.75771837500001,82.805349625,0.3295626888211406
1778586058.196608,60.81185595800001,82.859487208,0.36342646773418436
1778586058.256545,60.865988083000005,82.913619333,0.39890887334208625
1778586058.314846,60.919089958,82.966721208,0.4350206683699099
1778586058.3748212,60.97178025000001,83.0194115,0.4719147045814173
1778586058.412585,61.02685645800001,83.074487708,0.511287685228052
1778586058.4711192,61.080659666,83.128290916,0.5502508330153724
1778586058.526874,61.134342375,83.181973625,0.5892976211899205
1778586058.585771,61.184770458,83.232401708,0.6258244350254691
1778586058.62743,61.239852291000005,83.287483541,0.6652166480538318
1778586058.683672,61.29115875000001,83.33879,0.701138095128905
1778586058.743048,61.344625750000006,83.392257,1.0221520430049575
1778586058.782058,61.39936420800001,83.446995458,0.7730791224902109
1778586058.838024,61.453848666,83.501479916,0.8066836734684464
1778586058.898585,61.50571775,83.553349,0.8366337242688127
1778586058.955738,61.558526125,83.606157375,0.8648033328696741
1778586058.9934678,61.60865441600001,83.656285666,0.8891365750290051
1778586059.050304,61.659752708,83.707383958,0.9113200286711571
1778586059.1108868,61.71184512500001,83.759476375,0.931011788144394
1778586059.1526809,61.76513358300001,83.812764833,0.9479108653217556
1778586059.211652,61.82014795800001,83.867779208,0.9617446356366866
1778586059.2532322,61.87100620800001,83.918637458,0.9711442457314216
1778586059.308394,61.92365304100001,83.971284291,0.9773545289338462
1778586059.3666492,61.97709591600001,84.024727166,0.9799359791561268
1778586059.4267352,62.027875791,84.075507041,0.9788918790059125
1778586059.485761,62.082842166000006,84.130473416,0.9739297324506947
1778586059.525145,62.137078375,84.184709625,0.9651828630108423
1778586059.585669,62.19149433300001,84.239125583,0.9526462599584207
1778586059.6440132,62.24654783300001,84.294179083,0.9362652662890817
1778586059.700531,62.30023137500001,84.347862625,0.916867165366713
1778586059.7415738,62.35386979100001,84.401501041,0.8942948988369762
1778586059.796795,62.405488250000005,84.4531195,0.8697783169167154
1778586059.857439,62.46054500000001,84.50817625,0.8408342244772706
1778586059.9138508,62.513977833,84.561609083,0.810275457208263
1778586059.9525352,62.5640205,84.61165175,0.7796957934127671
1778586060.012455,62.618098458000006,84.665729708,0.7448345555078202
1778586060.0507479,62.668527583,84.716158833,0.7108914589470098
1778586060.1069992,62.718851083000004,84.766482333,0.6759242158736896
1778586060.16864,62.772985625000004,84.820616875,0.6374089852050128
1778586060.227367,62.82529050000001,84.87292175,0.5996260916351877
1778586060.269205,62.877211625,84.924842875,0.5618804892620044
1778586060.327234,62.92936041600001,84.976991666,0.5240324707920698
1778586060.3689878,62.982842500000004,85.03047375,0.4855916088507287
1778586060.425766,63.035497541,85.083128791,0.4484133728813634
1778586060.4867861,63.090581958,85.138213208,0.41054380730413326
1778586060.5401118,63.14512154100001,85.192752791,0.3743350578003773
1778586060.596457,63.20018358300001,85.247814833,0.3393656781892383
1778586060.6364858,63.25396066600001,85.301591916,0.3069787717060938
1778586060.695224,63.30440283300001,85.352034083,0.2783524512689622
1778586060.752386,63.357676458,85.405307708,0.2501246166902857
1778586060.791774,63.409532791000004,85.457164041,0.22474879251464908
1778586060.852903,63.46353400000001,85.51116525,0.200594166974298
1778586060.911592,63.516012833000005,85.563644083,0.17941659408311875
1778586060.9524229,63.57020895800001,85.617840208,0.1599484535084298
1778586061.006517,63.620983916,85.668615166,0.14391187475098144
1778586061.062562,63.676052833,85.723684083,0.12888721449498974
1778586061.123156,63.72627775000001,85.773909,0.1172644420262994
1778586061.1648488,63.778505041,85.826136291,0.10718383149286664
1778586061.223681,63.829923541,85.877554791,0.09913477494779671
1778586061.27911,63.88163845800001,85.929269708,0.09276676543655671
1778586061.3190348,63.933514708000004,85.981145958,0.08794645667639298
1778586061.375458,63.988586958,86.036218208,0.08433099365107681
1778586061.433123,64.041125041,86.088756291,0.08209192576248017
1778586061.492464,64.095314,86.14294525,0.08076655262909892
1778586061.5481222,64.149328833,86.196960083,0.08016737864427206
1778586061.586844,64.20391704100001,86.251548291,0.08000607967963955
1778586061.648148,64.257906875,86.305538125,0.08
1778586061.707722,64.311841083,86.359472333,0.08
1778586061.749077,64.366301125,86.413932375,0.08
1778586061.8064818,64.41820345800001,86.465834708,0.08
1778586061.864267,64.47293520800001,86.520566458,0.08
1778586061.919369,64.524343875,86.571975125,0.08
1778586061.973494,64.578729666,86.626360916,0.08
1778586062.030925,64.632700375,86.680331625,0.5141752152928287
1778586062.070366,64.68779116600001,86.735422416,0.08
1778586062.1294332,64.74100895800001,86.788640208,0.08
1778586062.185649,64.79293225,86.8405635,0.08
1778586062.242843,64.846297125,86.893928375,0.08
1778586062.3023622,64.89958416600001,86.947215416,0.08
1778586062.340628,64.953013333,87.000644583,0.08
1778586062.3961759,65.0069125,87.05454375,0.08
1778586062.448565,65.061976625,87.109607875,0.08
1778586062.5052109,65.116983583,87.164614833,0.08
1778586062.562548,65.170234166,87.217865416,0.08
1778586062.62095,65.223245,87.27087625,0.08
1778586062.67738,65.278312625,87.325943875,0.08
1778586062.718317,65.328652625,87.376283875,0.08
1778586062.7774851,65.38370616600001,87.431337416,0.08
1778586062.834655,65.43875625000001,87.4863875,0.08
1778586062.873822,65.49151470800001,87.539145958,0.08
1778586062.932398,65.54608962500001,87.593720875,0.08
1778586062.989855,65.60019170800001,87.647822958,0.08
1778586063.0489678,65.65524175,87.702873,0.08
1778586063.107886,65.70541541600001,87.753046666,0.08
1778586063.1481469,65.757685041,87.805316291,0.08
1778586063.210598,65.81184025,87.8594715,0.08
1778586063.2483299,65.866119666,87.913750916,0.08
1778586063.307348,65.918427541,87.966058791,0.08
1778586063.367869,65.9703085,88.01793975,0.08
1778586063.423124,66.02397766600001,88.071608916,0.08
1778586063.463003,66.074443625,88.122074875,0.08
1778586063.519744,66.12466645800001,88.172297708,0.08
1778586063.5792289,66.17851262500001,88.226143875,0.08
1778586063.6195269,66.23294870800001,88.280579958,0.08
1778586063.67726,66.288219041,88.335850291,0.08
1778586063.738316,66.341955458,88.389586708,0.08
1778586063.794209,66.396887125,88.444518375,0.5704746132943395
1778586063.831684,66.449472291,88.497103541,0.08
1778586063.8906848,66.501506,88.54913725,0.08
1778586063.952466,66.55403158300001,88.601662833,0.08
1778586064.011138,66.609002333,88.656633583,0.08
1778586064.052407,66.66051995800001,88.708151208,0.08
1778586064.110434,66.71442066600001,88.762051916,0.08
1778586064.16857,66.76635554100001,88.813986791,0.08
1778586064.2064981,66.82018179100001,88.867813041,0.08
1778586064.265773,66.87295375000001,88.920585,0.08
1778586064.324399,66.925433666,88.973064916,0.08
1778586064.3617358,66.97863195800001,89.026263208,0.08
1778586064.419141,67.03317612500001,89.080807375,0.08
1778586064.4740229,67.085797208,89.133428458,0.08
1778586064.535906,67.140861833,89.188493083,0.08
1778586064.593009,67.19517925000001,89.2428105,0.08
1778586064.633704,67.24641612500001,89.294047375,0.08
1778586064.6906528,67.297073916,89.344705166,0.08
1778586064.748126,67.35198758300001,89.399618833,0.08
1778586064.8037078,67.40630029100001,89.453931541,0.08
1778586064.860645,67.461341125,89.508972375,0.08
1778586064.8983989,67.516261375,89.563892625,0.08
1778586064.960654,67.566415416,89.614046666,0.08
1778586065.019199,67.62017800000001,89.66780925,0.08
1778586065.078241,67.67522512500001,89.722856375,0.08
1778586065.114849,67.726642166,89.774273416,0.08
1778586065.1694028,67.779634583,89.827265833,0.08
1778586065.228854,67.833973666,89.881604916,0.08
1778586065.268922,67.88451079100001,89.932142041,0.08
1778586065.3316119,67.93962029100001,89.987251541,0.08
1778586065.392168,67.99313304100001,90.040764291,0.08
1778586065.431539,68.04818579100001,90.095817041,0.08
1778586065.491682,68.101714083,90.149345333,0.08
1778586065.548095,68.153496458,90.201127708,0.08
1778586065.602283,68.2043615,90.25199275,0.08
1778586065.641751,68.259437875,90.307069125,0.08
1778586065.695175,68.31015241600001,90.357783666,0.5836246827290728
1778586065.752347,68.36522158300001,90.412852833,0.08
1778586065.810793,68.417091958,90.464723208,0.08
1778586065.8687968,68.46773433300001,90.515365583,0.08
1778586065.908386,68.51938258300001,90.567013833,0.08
1778586065.968351,68.569908041,90.617539291,0.08
1778586066.0064151,68.624089083,90.671720333,0.08
1778586066.061365,68.67740666600001,90.725037916,0.08
1778586066.1162329,68.72896566600001,90.776596916,0.08000031313762886
1778586066.173423,68.779736208,90.827367458,0.08006940470411741
1778586066.231319,68.83279925000001,90.8804305,0.08045422318319945
1778586066.269832,68.88686195800001,90.934493208,0.08145238534503342
1778586066.329391,68.94101495800001,90.988646208,0.08334167695939917
1778586066.3888729,68.993951041,91.041582291,0.08630427182355356
1778586066.448098,69.048941291,91.096572541,0.09080429310527625
1778586066.489755,69.103223083,91.150854333,0.09689715298470597
1778586066.5473258,69.158116375,91.205747625,0.1049430579254867
1778586066.6024268,69.208954875,91.256586125,0.11424327200381708
1778586066.6611469,69.263785083,91.311416333,0.12641619766501894
1778586066.698857,69.316722208,91.364353458,0.14039022984117766
1778586066.76061,69.370014583,91.417645833,0.1567468615486872
1778586066.82307,69.424442708,91.472073958,0.17584942853921504
1778586066.8605492,69.47825850000001,91.52588975,0.47636891034751755
1778586066.9193542,69.53331370800001,91.580944958,0.22148064848535182
1778586066.976748,69.584309958,91.631941208,0.24614732053094773
1778586067.030854,69.63689229100001,91.684523541,0.27368433921303703
1778586067.089937,69.69136825000001,91.7389995,0.3043472061728116
1778586067.131098,69.74378541600001,91.791416666,0.3357422140371825
1778586067.1906571,69.79434716600001,91.841978416,0.3676169533389555
1778586067.249386,69.849409875,91.897041125,0.4038923900535877
1778586067.290532,69.900650166,91.948281416,0.4388879109057273
1778586067.3519669,69.955623458,92.003254708,0.47749121800968003
1778586067.39378,70.005983791,92.053615041,0.513558375364292
1778586067.447093,70.061033416,92.108664666,0.553450852369932
1778586067.502392,70.11608254100001,92.163713791,0.8409810622270314
1778586067.557306,70.16963916600001,92.217270416,0.6322197725394322
1778586067.614291,70.22438795800001,92.272019208,0.6712690757751008
1778586067.677,70.278379583,92.326010833,0.7088764461453073
1778586067.7147489,70.33174316600001,92.379374416,1.0975977211991883
1778586067.775019,70.38365641600001,92.431287666,0.7783431761139807
1778586067.8347452,70.438620625,92.486251875,0.8119037966450356
1778586067.8746262,70.49102937500001,92.538660625,0.8417827390062957
1778586067.9334779,70.542288,92.58991925,0.8687354203386615
1778586067.9877682,70.595220666,92.642851916,0.8939588343524197
1778586068.0463748,70.64943170800001,92.697062958,0.9167973279939973
1778586068.0877209,70.703097,92.75072825,0.9362022189297076
1778586068.148154,70.757698708,92.805329958,0.9524762308075851
1778586068.208791,70.807818916,92.855450166,0.9641981059815732
1778586068.265515,70.862735083,92.910366333,0.9733809256210393
1778586068.306205,70.913589875,92.961221125,0.9783918177180623
1778586068.362151,70.966994791,93.014626041,0.9799889331763035
1778586068.418897,71.017975291,93.065606541,0.977995881296585
1778586068.457717,71.072672541,93.120303791,0.9720587322210493
1778586068.520698,71.125234166,93.172865416,0.9627011154394858
1778586068.5598972,71.177161,93.22479225,0.9500288259835935
1778586068.6176698,71.23063275,93.278264,0.9335460444772832
1778586068.673066,71.285257583,93.332888833,0.9132763334202961
1778586068.7275321,71.337812375,93.385443625,0.8906862708035023
1778586068.78439,71.392647166,93.440278416,0.864120041469431
1778586068.84245,71.44842466600001,93.496055916,0.834231289364547
1778586068.902155,71.503238791,93.550870041,0.802334712195589
1778586068.957642,71.558294458,93.605925708,0.7681028046518245
1778586068.9973419,71.612708958,93.660340208,0.7324397591998605
1778586069.052314,71.666067958,93.713699208,0.6960308190873935
1778586069.1139789,71.72019200000001,93.76782325,0.6579758773802062
1778586069.152586,71.770483125,93.818114375,0.6219134110934074
1778586069.213047,71.82435562500001,93.871986875,0.582854832984661
1778586069.2696052,71.874497625,93.922128875,0.5463856993974784
1778586069.329181,71.928747333,93.976378583,0.5071428823310392
1778586069.3644228,71.982329625,94.029960875,0.4689233901233117
1778586069.423042,72.03700091600001,94.084632166,0.430716983754354
1778586069.481367,72.092048041,94.139679291,0.39343467805315846
1778586069.540611,72.142279,94.18991025,0.3606827139735677
1778586069.577842,72.195738,94.24336925,0.3273644497455465
1778586069.637053,72.24998583300001,94.297617083,0.2953975476078897
1778586069.693861,72.305065708,94.352696958,0.2650179074854963
1778586069.753338,72.35772787500001,94.405359125,0.23810199204650428
1778586069.794379,72.40859375000001,94.456225,0.21413188976566805
1778586069.848118,72.46245675,94.510088,0.19105484030057626
1778586069.906417,72.515987333,94.563618583,0.1704909386402796
1778586069.962373,72.570185541,94.617816791,0.1521031698750319
1778586070.019291,72.621410541,94.669041791,0.13694246162641738
1778586070.07792,72.67464675000001,94.722278,0.12341300545309067
1778586070.118145,72.728962291,94.776593541,0.11186214885822018
1778586070.173066,72.784025,94.83165625,0.10234062274286782
1778586070.2314692,72.839097666,94.886728916,0.09485814791838611
1778586070.289744,72.88959745800001,94.937228708,0.08962178871814132
1778586070.327637,72.94228133300001,94.989912583,0.08562285498504556
1778586070.389884,72.99733900000001,95.04497025,0.0828105648616504
1778586070.4493408,73.049323666,95.096954916,0.08120046518909484
1778586070.489485,73.10358608300001,95.151217333,0.08033961684455011
1778586070.545182,73.157968416,95.205599666,0.0800361667761556
1778586070.600619,73.212536458,95.260167708,0.08
1778586070.6605508,73.264100041,95.311731291,0.08
1778586070.718977,73.31689420800001,95.364525458,0.08
1778586070.760298,73.36969029100001,95.417321541,0.08
1778586070.817426,73.424726,95.47235725,0.08
1778586070.858336,73.4749475,95.52257875,0.08
1778586070.917687,73.52833254100001,95.575963791,0.08
1778586070.9720771,73.58336062500001,95.630991875,0.08
1778586071.03235,73.638397458,95.686028708,0.08
1778586071.093426,73.69343045800001,95.741061708,0.08
1778586071.134324,73.748469208,95.796100458,0.08
1778586071.1939032,73.803513791,95.851145041,0.08
1778586071.2521899,73.85856012500001,95.906191375,0.08
1778586071.3112588,73.90866100000001,95.95629225,0.08
1778586071.348036,73.96372037500001,96.011351625,0.08
1778586071.403426,74.01423600000001,96.06186725,0.08
1778586071.463899,74.069205708,96.116836958,0.08
1778586071.523034,74.123323833,96.170955083,0.08
1778586071.562453,74.17738479100001,96.225016041,0.08
1778586071.62303,74.231969291,96.279600541,0.08
1778586071.6813529,74.286309958,96.333941208,0.408451489465708
1778586071.718932,74.336613916,96.384245166,0.08
1778586071.781418,74.38696004100001,96.434591291,0.08
1778586071.8401449,74.44202525,96.4896565,0.08
1778586071.878732,74.49667133300001,96.544302583,0.08
1778586071.93967,74.55004525000001,96.5976765,0.08
1778586072.001793,74.601450625,96.649081875,0.08
1778586072.0397289,74.655980458,96.703611708,0.08
1778586072.098345,74.707685541,96.755316791,0.08
1778586072.1569111,74.76184500000001,96.80947625,0.08
1778586072.2188952,74.81692562500001,96.864556875,0.08
1778586072.258795,74.871657708,96.919288958,0.08
1778586072.3152158,74.92353325,96.9711645,0.08
1778586072.375432,74.976667,97.02429825,0.08
1778586072.415043,75.031359666,97.078990916,0.08
1778586072.471061,75.083345166,97.130976416,0.08
1778586072.53198,75.134100625,97.181731875,0.08
1778586072.590059,75.188696375,97.236327625,0.08
1778586072.626946,75.24375950000001,97.29139075,0.08
1778586072.686034,75.2961085,97.34373975,0.08
1778586072.74477,75.34895591600001,97.396587166,0.08
1778586072.7864761,75.4011285,97.44875975,0.08
1778586072.8460531,75.455786083,97.503417333,0.08
1778586072.9028008,75.509456,97.55708725,0.08
1778586072.96468,75.56405241600001,97.611683666,0.08
1778586073.003045,75.6166575,97.66428875,0.08
1778586073.062397,75.671151291,97.718782541,0.08
1778586073.1230679,75.722183333,97.769814583,0.08
1778586073.161629,75.772773375,97.820404625,0.08
1778586073.222682,75.827846625,97.875477875,0.08
1778586073.277256,75.881158375,97.928789625,0.08
1778586073.320277,75.93291525000001,97.9805465,0.08
1778586073.381346,75.98818883300001,98.035820083,0.08
1778586073.436917,76.043257083,98.090888333,0.08
1778586073.494818,76.097093125,98.144724375,0.08
1778586073.5349271,76.15214641600001,98.199777666,0.08
1778586073.5946822,76.207193333,98.254824583,0.08
1778586073.652431,76.261859125,98.309490375,0.08
1778586073.710508,76.3130605,98.36069175,0.08
1778586073.7523031,76.36416758300001,98.411798833,0.08
1778586073.810727,76.417483833,98.465115083,0.28920629115861085
1778586073.865025,76.471694291,98.519325541,0.08
1778586073.9242082,76.52672700000001,98.57435825,0.08
1778586073.981573,76.58076841600001,98.628399666,0.08
1778586074.018815,76.63294716600001,98.680578416,0.08
1778586074.0762172,76.68782016600001,98.735451416,0.08
1778586074.130476,76.73953504100001,98.787166291,0.08
1778586074.186541,76.79459916600001,98.842230416,0.08
1778586074.2484632,76.84563529100001,98.893266541,0.08
1778586074.290219,76.897897833,98.945529083,0.08
1778586074.348292,76.95269775,99.000329,0.08
1778586074.3877509,77.00412675000001,99.051758,0.08
1778586074.4504251,77.05704283300001,99.104674083,0.08
1778586074.5051599,77.107747458,99.155378708,0.08
1778586074.545183,77.162817625,99.210448875,0.08
1778586074.602211,77.21608629100001,99.263717541,0.08
1778586074.661431,77.271044958,99.318676208,0.08
1778586074.718934,77.32228645800001,99.369917708,0.08
1778586074.758649,77.374330375,99.421961625,0.08
1778586074.820104,77.42654958300001,99.474180833,0.08
1778586074.879004,77.47876254100001,99.526393791,0.08
1778586074.916855,77.532676416,99.580307666,0.08
1778586074.977152,77.58362537500001,99.631256625,0.36312809756684516
1778586075.0359838,77.637839791,99.685471041,0.08
1778586075.0935712,77.691035666,99.738666916,0.08
1778586075.1303391,77.74606875,99.7937,0.0800413718907631
1778586075.187586,77.801108583,99.848739833,0.08036893889633925
1778586075.243853,77.855697,99.90332825,0.08127537468470256
1778586075.3054059,77.910758208,99.958389458,0.08306982093542904
1778586075.3620212,77.962253375,100.009884625,0.0857968605686231
1778586075.4017842,78.01715516600001,100.064786416,0.09007147362097102
1778586075.456619,78.071749791,100.119381041,0.09595519560615706
1778586075.511641,78.12413316600001,100.171764416,0.10333285324693656
1778586075.5722508,78.17462716600001,100.222258416,0.11220665981857904
1778586075.611396,78.22756875,100.2752,0.12350797543089886
1778586075.673323,78.28174833300001,100.329379583,0.13731405159162918
1778586075.71469,78.332669458,100.380300708,0.15243904010928688
1778586075.774781,78.38757845800001,100.435209708,0.17112948513026677
1778586075.835985,78.438381,100.48601225,0.1906604549952339
1778586075.877012,78.49114991600001,100.538781166,0.21320270536421831
1778586075.935549,78.545472708,100.593103958,0.2387692702069873
1778586075.989103,78.59953504100001,100.647166291,0.26650124575351936
1778586076.0438988,78.653966166,100.701597416,0.296607396008279
1778586076.0963929,78.70434604100001,100.751977291,0.32632753501916745
1778586076.156888,78.75445275,100.802084,0.35745019744254986
1778586076.1971898,78.80952179100001,100.857153041,0.3932809961086358
1778586076.2522619,78.86227754100001,100.909908791,0.42898255618821945
1778586076.308247,78.915609208,100.963240458,0.4661394144269384
1778586076.3643572,78.97018637500001,101.017817625,0.5050783387422119
1778586076.4251,79.02432104100001,101.071952291,0.5442250537250756
1778586076.465705,79.075725625,101.123356875,0.5815991833659354
1778586076.5252402,79.12895250000001,101.17658375,0.6202029445662702
1778586076.5646951,79.18203416600001,101.229665416,0.6582776202625846
1778586076.6247349,79.23562308300001,101.283254333,0.6959528836918034
1778586076.6827269,79.289591375,101.337222625,0.7327736938878502
1778586076.7438421,79.34382595800001,101.391457208,0.7683076338478955
1778586076.785224,79.398596041,101.446227291,0.802353993121332
1778586076.840917,79.448948625,101.496579875,0.8317387458135057
1778586076.90364,79.502454708,101.550085958,1.4160221337403214
1778586076.939834,79.55593554100001,101.603566791,0.8869696890534181
1778586077.001714,79.609269583,101.656900833,0.9103252629947165
1778586077.06107,79.662336166,101.709967416,0.9305020979274896
1778586077.10285,79.71600825,101.7636395,0.9476024686707067
1778586077.160453,79.76618779100001,101.813819041,0.9604274316025104
1778586077.215689,79.82200837500001,101.869639625,0.9709983128453452
1778586077.27679,79.875061125,101.922692375,0.9772944590633992
1778586077.31208,79.928958666,101.976589916,0.9799346548964344
1778586077.37317,79.982683416,102.030314666,0.9787323825631986
1778586077.428973,80.037739375,102.085370625,0.9735543618534558
1778586077.4886022,80.09187320800001,102.139504458,0.9646219312412124
1778586077.528023,80.145173791,102.192805041,0.9521911843527635
1778586077.582505,80.19676320800001,102.244394458,0.9368388079950817
1778586077.643553,80.248953875,102.296585125,0.918127985991447
1778586077.699253,80.303512666,102.351143916,0.8953329749799624
1778586077.757271,80.358265833,102.405897083,0.8693640729561357
1778586077.798443,80.41035587500001,102.457987125,0.8420157225314124
1778586077.8549252,80.463442625,102.511073875,0.8117537751724595
1778586077.9132428,80.516129291,102.563760541,0.7797080281685936
1778586077.952107,80.57009645800001,102.617727708,0.7448115926802387
1778586078.0132852,80.6238175,102.67144875,0.7085995560701124
1778586078.072929,80.678533666,102.726164916,0.6704817435177622
1778586078.132233,80.7331365,102.78076775,0.631517436134312
1778586078.173192,80.787077208,102.834708458,0.592488510174342
1778586078.228124,80.84102441600001,102.888655666,0.5532576538333737
1778586078.28417,80.892894083,102.940525333,0.515665898246008
1778586078.3426418,80.946545833,102.994177083,0.4772360619078611
1778586078.38204,80.999385208,103.047016458,0.44011816837384043
1778586078.440274,81.050264166,103.097895416,0.9655085404211701
1778586078.497932,81.103826541,103.151457791,0.3699604372359161
1778586078.55316,81.154411916,103.202043166,0.3379626672518106
1778586078.59454,81.208962416,103.256593666,0.30520182782479777
1778586078.652591,81.262742375,103.310373625,0.27486304181118393
1778586078.712517,81.31359604100001,103.361227291,0.24811089868725061
1778586078.750907,81.368634666,103.416265916,0.22140682054081512
1778586078.807147,81.422307,103.46993825,0.19771401436757557
1778586078.861909,81.47440054100001,103.522031791,0.17697921752207912
1778586078.922928,81.528522083,103.576153333,0.15782418759426226
1778586078.981306,81.582995708,103.630626958,0.14098870162444552
1778586079.038888,81.637622041,103.685253291,0.1265124684378057
1778586079.0767858,81.691138791,103.738770041,0.11459816817393831
1778586079.1348858,81.745081458,103.792712708,0.10471289874254103
1778586079.192669,81.79927641600001,103.846907666,0.09680874758023864
1778586079.247962,81.85094120800001,103.898572458,0.09098963771338443
1778586079.287526,81.904275916,103.951907166,0.08655057746551731
1778586079.344627,81.958725458,104.006356708,0.08343440061354547
1778586079.402118,82.01113000000001,104.05876125,0.08155376311401338
1778586079.462087,82.066015625,104.113646875,0.08049104848907776
1778586079.517879,82.118539125,104.166170375,0.08008215763442897
1778586079.556268,82.171694625,104.219325875,0.08000043305817052
1778586079.614629,82.222313083,104.269944333,0.28044446342536056
1778586079.675529,82.275620708,104.323251958,0.08
1778586079.7283819,82.33057050000001,104.37820175,0.08
1778586079.767672,82.382684541,104.430315791,0.08
1778586079.825543,82.436587458,104.484218708,0.08
1778586079.8858922,82.48780254100001,104.535433791,0.08
1778586079.926808,82.54225766600001,104.589888916,0.08
1778586079.982881,82.59475154100001,104.642382791,0.08
1778586080.038728,82.649282208,104.696913458,0.08
1778586080.09793,82.700075833,104.747707083,0.08
1778586080.1529222,82.753811041,104.801442291,0.08
1778586080.191711,82.80667804100001,104.854309291,0.08
1778586080.2532969,82.85939641600001,104.907027666,0.08
1778586080.3109472,82.91211037500001,104.959741625,0.08
1778586080.3479328,82.964883125,105.012514375,0.08
1778586080.421443,83.019576708,105.067207958,0.08
1778586080.460543,83.072160291,105.119791541,0.08
1778586080.521166,83.127227958,105.174859208,0.08
1778586080.581408,83.18229375,105.229925,0.08
1778586080.620561,83.23368125,105.2813125,0.08
1778586080.676831,83.28606095800001,105.333692208,0.569007216223112
1778586080.736348,83.341116958,105.388748208,0.4539638451399966
1778586080.777569,83.395617375,105.443248625,0.08
1778586080.83343,83.451287916,105.498919166,0.08
1778586080.893758,83.502645666,105.550276916,0.08
1778586080.953661,83.556157458,105.603788708,0.08
1778586080.990827,83.60786812500001,105.655499375,0.08
1778586081.051224,83.658652875,105.706284125,0.3472372020339747
1778586081.1121879,83.71372595800001,105.761357208,0.08
1778586081.168777,83.768794791,105.816426041,0.08
1778586081.209461,83.820488458,105.868119708,0.08
1778586081.2688751,83.872737625,105.920368875,0.08
1778586081.31042,83.926532291,105.974163541,0.08
1778586081.3714838,83.979045458,106.026676708,0.08
1778586081.4276018,84.03307825,106.0807095,0.08
1778586081.484399,84.08719804100001,106.134829291,0.08
1778586081.543863,84.14168008300001,106.189311333,0.08
1778586081.5814872,84.19488783300001,106.242519083,0.08
1778586081.644181,84.246918375,106.294549625,0.08
1778586081.685805,84.30072187500001,106.348353125,0.08
1778586081.7457979,84.35420462500001,106.401835875,0.08
1778586081.806775,84.407668875,106.455300125,0.08
1778586081.8463008,84.46184758300001,106.509478833,0.08
1778586081.901185,0.2335032080000019,106.564219083,0.3700429976041775
1778586082.120658,0.4501399580000083,106.780855833,0.08
1778586082.221944,0.5545668330000098,106.885282708,0.08
1778586082.277648,0.6058601250000066,106.936576,0.08
1778586082.389898,0.712993541000003,107.043709416,0.08
1778586082.48777,0.8216202910000021,107.152336166,0.08
1778586082.5451782,0.8750971250000106,107.205813,0.08
1778586082.662702,0.9842242080000005,107.314940083,0.08
1778586082.7598689,1.0930956660000106,107.423811541,0.08
1778586082.8762188,1.2020870830000092,107.532802958,0.08
1778586082.98066,1.3114331250000077,107.642149,0.5311287732025164
1778586083.150382,1.475460541000004,107.806176416,0.08
1778586083.206105,1.5306366249999996,107.8613525,0.08
1778586083.304406,1.6375939580000107,107.968309833,0.08
1778586083.517878,1.8491029580000031,108.179818833,0.08
1778586083.577674,1.9037639160000026,108.234479791,0.08
1778586083.6766121,2.010094207999998,108.340810083,0.08
1778586083.998305,2.332753832999998,108.663469708,0.08
1778586084.0571709,2.3877954579999994,108.718511333,0.08000000000000186
1778586084.218517,2.553548415999998,108.884264291,0.08139680285263376
1778586084.273941,2.6053901249999996,108.936106,0.08314458710725085
1778586084.3315232,2.6578393329999983,108.988555208,0.08597265820136292
1778586084.436277,2.7623510000000095,109.093066875,0.0956741014791274
1778586084.539009,2.8702632910000005,109.200979166,0.11274335964685732
1778586084.654372,2.975798458,109.306514333,0.13763885611923043
1778586084.693763,3.028282166000011,109.358998041,0.15330856936299175
1778586084.7548852,3.082913750000003,109.413629625,0.1720280413978287
1778586084.910321,3.243288958000008,109.574004833,0.24120753381700805
1778586085.119189,3.454260958000006,109.784976833,0.36187113241981295
1778586085.180287,3.5079245830000048,109.838640458,0.39696157025614975
1778586085.2360132,3.5599017500000087,109.890617625,0.4322476191996936
1778586085.3344908,3.6653416660000033,109.996057541,0.5067178657882501
1778586085.55131,3.8824902500000036,110.213206125,0.6636570844238774
1778586085.712277,4.0410137909999975,110.371729666,0.7710556477618922
1778586085.923177,4.25428500000001,110.585000875,0.8895011990583516
1778586085.981896,4.30471870800001,110.635434583,0.91137384623009
1778586086.082806,4.413854583000003,110.744570458,0.9490097420775918
1778586086.300034,4.6271966250000105,110.9579125,0.97998615548128
1778586086.561286,4.895831166000008,111.226547041,0.934785340990193
1778586086.623199,4.950733374999999,111.28144925,0.9146311834566365
1778586086.786287,5.114993083000002,111.445708958,0.8355108963142035
1778586087.102737,5.433401541000009,111.764117416,0.6262001704457378
1778586087.1609118,5.486670000000004,111.817385875,0.5876113902815934
1778586087.2605388,5.590093207999999,111.920809083,0.5125542294512286
1778586087.480062,5.808292250000008,112.139008125,0.3625018067096217
1778586087.580405,5.912659208000008,112.243375083,0.2989396174371222
1778586087.638508,5.967561666000009,112.298277541,0.26841655775138046
1778586087.846621,6.178753541000006,112.509469416,0.1727146019513901
1778586087.9076538,6.233675625000004,112.5643915,0.15381767349408382
1778586088.007273,6.339609958000011,112.670325833,0.12432805975503486
1778586088.180612,6.503765375,112.83448125,0.09536066803495123
1778586088.281149,6.611249416000007,112.941965291,0.08561664366735948
1778586088.5005498,6.8267144160000015,113.157430291,0.08003641790800367
1778586088.658794,6.987166083000005,113.317881958,0.08
1778586088.814802,7.147315916000011,113.478031791,0.08
1778586088.8734138,7.2009851660000095,113.531701041,0.08
